UP3,ULP,Jenis Asset,Nama Asset JTM,Penyulang,Konstruksi (e.g. TM1),Material Conductor,Kapasitas / Panjang,Alamat / Lokasi,Latitude,Longitude
UP3 Sidoarjo,ULP Sidoarjo Kota,JTM,SIWALANPANJI_440,SIWALAN PANJI,TM1,A3CS,0,0,-7.4242,112.72701
UP3 Sidoarjo,ULP Sidoarjo Kota,JTM,SIWALANPANJI_450,SIWALAN PANJI,TM1,A3CS,0,0,-7.42515,112.72977
UP3 Sidoarjo,ULP Sidoarjo Kota,JTM,SIWALANPANJI_438,SIWALAN PANJI,TM10,A3CS,0,0,-7.42393,112.72627
UP3 Sidoarjo,ULP Sidoarjo Kota,JTM,SIWALANPANJI_2,SIWALAN PANJI,TM1,A3CS,0,0,-7.42381,112.72622
UP3 Sidoarjo,ULP Sidoarjo Kota,JTM,SIWALANPANJI_634,SIWALAN PANJI,GTT2,A3CS,0,0,-7.44898,112.73759
UP3 Sidoarjo,ULP Sidoarjo Kota,JTM,SIWALANPANJI_449,SIWALAN PANJI,TM1,A3CS,0,0,-7.4251,112.72963
UP3 Sidoarjo,ULP Sidoarjo Kota,JTM,SIWALANPANJI_445,SIWALAN PANJI,TM1,A3CS,0,0,-7.42477,112.72867
UP3 Sidoarjo,ULP Sidoarjo Kota,JTM,SIWALANPANJI_623,SIWALAN PANJI,TM2,A3CS,0,0,-7.45968,112.73712
UP3 Sidoarjo,ULP Sidoarjo Kota,JTM,SIWALANPANJI_625,SIWALAN PANJI,GTT2,A3CS,0,0,-7.45731,112.74016
UP3 Sidoarjo,ULP Sidoarjo Kota,JTM,SIWALANPANJI_441,SIWALAN PANJI,TM1,A3CS,0,0,-7.42431,112.72743
UP3 Sidoarjo,ULP Sidoarjo Kota,JTM,SIWALANPANJI_455,SIWALAN PANJI,TM1,A3CS,0,0,-7.42571,112.73119
UP3 Sidoarjo,ULP Sidoarjo Kota,JTM,SIWALANPANJI_451,SIWALAN PANJI,TM1,A3CS,0,0,-7.42525,112.73002
UP3 Sidoarjo,ULP Sidoarjo Kota,JTM,SIWALANPANJI_448,SIWALAN PANJI,TM1,A3CS,0,0,-7.425,112.72934
UP3 Sidoarjo,ULP Sidoarjo Kota,JTM,SIWALANPANJI_442,SIWALAN PANJI,TM1,A3CS,0,0,-7.42436,112.72758
UP3 Sidoarjo,ULP Sidoarjo Kota,JTM,SIWALANPANJI_630,SIWALAN PANJI,GTT2,A3CS,0,0,-7.46028,112.73652
UP3 Sidoarjo,ULP Sidoarjo Kota,JTM,SIWALANPANJI_453,SIWALAN PANJI,TM1,A3CS,0,0,-7.42551,112.73068
UP3 Sidoarjo,ULP Sidoarjo Kota,JTM,SIWALANPANJI_616,SIWALAN PANJI,TM10,A3CS,0,0,-7.44442,112.73577
UP3 Sidoarjo,ULP Sidoarjo Kota,JTM,SIWALANPANJI_452,SIWALAN PANJI,TM1,A3CS,0,0,-7.42539,112.7304
UP3 Sidoarjo,ULP Sidoarjo Kota,JTM,SIWALANPANJI_624,SIWALAN PANJI,GTT2,A3CS,0,0,-7.45717,112.73941
UP3 Sidoarjo,ULP Sidoarjo Kota,JTM,SIWALANPANJI_621,SIWALAN PANJI,TMTP,A3CS,0,0,-7.45418,112.73778
UP3 Sidoarjo,ULP Sidoarjo Kota,JTM,SIWALANPANJI_443,SIWALAN PANJI,TM1,A3CS,0,0,-7.4246,112.7282
UP3 Sidoarjo,ULP Sidoarjo Kota,JTM,SIWALANPANJI_444,SIWALAN PANJI,TM1,A3CS,0,0,-7.42467,112.72843
UP3 Sidoarjo,ULP Sidoarjo Kota,JTM,SIWALANPANJI_631,SIWALAN PANJI,TM8,A3CS,0,0,-7.45661,112.73678
UP3 Sidoarjo,ULP Sidoarjo Kota,JTM,SIWALANPANJI_446,SIWALAN PANJI,TM5,A3CS,0,0,-7.42487,112.72898
UP3 Sidoarjo,ULP Sidoarjo Kota,JTM,SIWALANPANJI_622,SIWALAN PANJI,TM2,A3CS,0,0,-7.45953,112.73675
UP3 Sidoarjo,ULP Sidoarjo Kota,JTM,SIWALANPANJI_1,SIWALAN PANJI,TM11,A3CS,0,0,-7.42351,112.72635
UP3 Sidoarjo,ULP Sidoarjo Kota,JTM,SIWALANPANJI_617,SIWALAN PANJI,GTT2,A3CS,0,0,-7.44452,112.73576
UP3 Sidoarjo,ULP Sidoarjo Kota,JTM,SIWALANPANJI_447,SIWALAN PANJI,TM1,A3CS,0,0,-7.42494,112.72919
UP3 Sidoarjo,ULP Sidoarjo Kota,JTM,SIWALANPANJI_619,SIWALAN PANJI,TM8,A3CS,0,0,-7.44771,112.7403
UP3 Sidoarjo,ULP Sidoarjo Kota,JTM,SIWALANPANJI_635,SIWALAN PANJI,TM10,A3CS,0,0,-7.44703,112.73651
UP3 Sidoarjo,ULP Sidoarjo Kota,JTM,SIWALANPANJI_618,SIWALAN PANJI,TM5,A3CS,0,0,-7.44763,112.73921
UP3 Sidoarjo,ULP Sidoarjo Kota,JTM,SIWALANPANJI_626,SIWALAN PANJI,GTT2,A3CS,0,0,-7.45739,112.74065
UP3 Sidoarjo,ULP Sidoarjo Kota,JTM,SIWALANPANJI_439,SIWALAN PANJI,TM1,A3CS,0,0,-7.42407,112.72657
UP3 Sidoarjo,ULP Sidoarjo Kota,JTM,SIWALANPANJI_620,SIWALAN PANJI,TM8,A3CS,0,0,-7.44871,112.74025
UP3 Sidoarjo,ULP Sidoarjo Kota,JTM,SIWALANPANJI_628,SIWALAN PANJI,TM8,A3CS,0,0,-7.45841,112.7402
UP3 Sidoarjo,ULP Sidoarjo Kota,JTM,SIWALANPANJI_454,SIWALAN PANJI,TM1,A3CS,0,0,-7.42559,112.73092
UP3 Sidoarjo,ULP Sidoarjo Kota,JTM,SIWALANPANJI_632,SIWALAN PANJI,GTT2,A3CS,0,0,-7.45454,112.73744
UP3 Sidoarjo,ULP Sidoarjo Kota,JTM,SIWALANPANJI_352,SIWALAN PANJI,TM8,A3CS,0,0,-7.443966,112.752369
UP3 Sidoarjo,ULP Sidoarjo Kota,JTM,SIWALANPANJI_660,SIWALAN PANJI,TM11,A3CS,0,0,-7.458801996,112.742604
UP3 Sidoarjo,ULP Sidoarjo Kota,JTM,SIWALANPANJI_283,SIWALAN PANJI,GTT2,A3CS,0,0,-7.425895985,112.737764
UP3 Sidoarjo,ULP Sidoarjo Kota,JTM,SIWALANPANJI_494,SIWALAN PANJI,TM1,A3CS,0,0,-7.44504,112.74462
UP3 Sidoarjo,ULP Sidoarjo Kota,JTM,SIWALANPANJI_530,SIWALAN PANJI,TM2,A3CS,0,0,-7.45722,112.73887
UP3 Sidoarjo,ULP Sidoarjo Kota,JTM,SIWALANPANJI_59,SIWALAN PANJI,GTT1,A3CS,0,0,-7.43085,112.73693
UP3 Sidoarjo,ULP Sidoarjo Kota,JTM,SIWALANPANJI_572,SIWALAN PANJI,TM1,A3CS,0,0,-7.44172,112.7354
UP3 Sidoarjo,ULP Sidoarjo Kota,JTM,SIWALANPANJI_12,SIWALAN PANJI,TM1,A3CS,0,0,-7.43132,112.7341
UP3 Sidoarjo,ULP Sidoarjo Kota,JTM,SIWALANPANJI_458,SIWALAN PANJI,TM1,A3CS,0,0,-7.42599,112.73189
UP3 Sidoarjo,ULP Sidoarjo Kota,JTM,SIWALANPANJI_523,SIWALAN PANJI,TM1,A3CS,0,0,-7.45962,112.73752
UP3 Sidoarjo,ULP Sidoarjo Kota,JTM,SIWALANPANJI_95,SIWALAN PANJI,TM2,A3CS,0,0,-7.4316,112.73621
UP3 Sidoarjo,ULP Sidoarjo Kota,JTM,SIWALANPANJI_539,SIWALAN PANJI,TM1,A3CS,0,0,-7.46056,112.73602
UP3 Sidoarjo,ULP Sidoarjo Kota,JTM,SIWALANPANJI_76,SIWALAN PANJI,TM1,A3CS,0,0,-7.43388,112.74159
UP3 Sidoarjo,ULP Sidoarjo Kota,JTM,SIWALANPANJI_317,SIWALAN PANJI,TM4,A3CS,0,0,-7.447858,112.75438
UP3 Sidoarjo,ULP Sidoarjo Kota,JTM,SIWALANPANJI_582,SIWALAN PANJI,TM1,A3CS,0,0,-7.44585,112.73638
UP3 Sidoarjo,ULP Sidoarjo Kota,JTM,SIWALANPANJI_703,SIWALAN PANJI,GTT2,A3CS,0,0,-7.446037028,112.750123
UP3 Sidoarjo,ULP Sidoarjo Kota,JTM,SIWALANPANJI_740,SIWALAN PANJI,TM8,A3CS,0,0,-7.46064,112.73612
UP3 Sidoarjo,ULP Sidoarjo Kota,JTM,SIWALANPANJI_178,SIWALAN PANJI,TM4,A3CS,0,0,-7.41867,112.73988
UP3 Sidoarjo,ULP Sidoarjo Kota,JTM,SIWALANPANJI_556,SIWALAN PANJI,TM1,A3CS,0,0,-7.43542,112.73545
UP3 Sidoarjo,ULP Sidoarjo Kota,JTM,SIWALANPANJI_319,SIWALAN PANJI,GTT2,A3CS,0,0,-7.447469,112.75355
UP3 Sidoarjo,ULP Sidoarjo Kota,JTM,SIWALANPANJI_719,SIWALAN PANJI,TM1,A3CS,0,0,-7.446214976,112.752924
UP3 Sidoarjo,ULP Sidoarjo Kota,JTM,SIWALANPANJI_576,SIWALAN PANJI,TM1,A3CS,0,0,-7.44331,112.73576
UP3 Sidoarjo,ULP Sidoarjo Kota,JTM,SIWALANPANJI_77,SIWALAN PANJI,TM1,A3CS,0,0,-7.4342,112.74175
UP3 Sidoarjo,ULP Sidoarjo Kota,JTM,SIWALANPANJI_484,SIWALAN PANJI,TM1,A3CS,0,0,-7.44544,112.74011
UP3 Sidoarjo,ULP Sidoarjo Kota,JTM,SIWALANPANJI_723,SIWALAN PANJI,TM1,A3CS,0,0,-7.445711978,112.751715
UP3 Sidoarjo,ULP Sidoarjo Kota,JTM,SIWALANPANJI_709,SIWALAN PANJI,GTT2,A3CS,0,0,-7.446157979,112.75149
UP3 Sidoarjo,ULP Sidoarjo Kota,JTM,SIWALANPANJI_649,SIWALAN PANJI,TM1,A3CS,0,0,-7.457271041,112.740294
UP3 Sidoarjo,ULP Sidoarjo Kota,JTM,SIWALANPANJI_502,SIWALAN PANJI,TM1,A3CS,0,0,-7.44499,112.74818
UP3 Sidoarjo,ULP Sidoarjo Kota,JTM,SIWALANPANJI_51,SIWALAN PANJI,GTT1,A3CS,0,0,-7.43374,112.7361
UP3 Sidoarjo,ULP Sidoarjo Kota,JTM,SIWALANPANJI_650,SIWALAN PANJI,TM10,A3CS,0,0,-7.457424011,112.740849
UP3 Sidoarjo,ULP Sidoarjo Kota,JTM,SIWALANPANJI_370,SIWALAN PANJI,TM1,A3CS,0,0,-7.444549,112.756157
UP3 Sidoarjo,ULP Sidoarjo Kota,JTM,SIWALANPANJI_688,SIWALAN PANJI,TM1,A3CS,0,0,-7.458883971,112.742347
UP3 Sidoarjo,ULP Sidoarjo Kota,JTM,SIWALANPANJI_268,SIWALAN PANJI,TM1,A3CS,0,0,-7.43459,112.73578
UP3 Sidoarjo,ULP Sidoarjo Kota,JTM,SIWALANPANJI_553,SIWALAN PANJI,TM1,A3CS,0,0,-7.44679,112.73418
UP3 Sidoarjo,ULP Sidoarjo Kota,JTM,SIWALANPANJI_741,SIWALAN PANJI,TM5,A3CS,0,0,-7.46101,112.73605
UP3 Sidoarjo,ULP Sidoarjo Kota,JTM,SIWALANPANJI_513,SIWALAN PANJI,TM1,A3CS,0,0,-7.44767,112.73991
UP3 Sidoarjo,ULP Sidoarjo Kota,JTM,SIWALANPANJI_367,SIWALAN PANJI,TM5,A3CS,0,0,-7.444019,112.754927
UP3 Sidoarjo,ULP Sidoarjo Kota,JTM,SIWALANPANJI_73,SIWALAN PANJI,TM1,A3CS,0,0,-7.4327,112.74108
UP3 Sidoarjo,ULP Sidoarjo Kota,JTM,SIWALANPANJI_584,SIWALAN PANJI,TM2,A3CS,0,0,-7.44654,112.73661
UP3 Sidoarjo,ULP Sidoarjo Kota,JTM,SIWALANPANJI_85,SIWALAN PANJI,TM8,A3CS,0,0,-7.42746,112.73758
UP3 Sidoarjo,ULP Sidoarjo Kota,JTM,SIWALANPANJI_702,SIWALAN PANJI,TM1,A3CS,0,0,-7.445897972,112.749767
UP3 Sidoarjo,ULP Sidoarjo Kota,JTM,SIWALANPANJI_285,SIWALAN PANJI,GTT2,A3CS,0,0,-7.424526969,112.737951
UP3 Sidoarjo,ULP Sidoarjo Kota,JTM,SIWALANPANJI_342,SIWALAN PANJI,GTT2,A3CS,0,0,-7.44449,112.7522
UP3 Sidoarjo,ULP Sidoarjo Kota,JTM,SIWALANPANJI_467,SIWALAN PANJI,TM1,A3CS,0,0,-7.42729,112.73435
UP3 Sidoarjo,ULP Sidoarjo Kota,JTM,SIWALANPANJI_608,SIWALAN PANJI,TM1,A3CS,0,0,-7.45814,112.7366
UP3 Sidoarjo,ULP Sidoarjo Kota,JTM,SIWALANPANJI_496,SIWALAN PANJI,TM1,A3CS,0,0,-7.44495,112.74553
UP3 Sidoarjo,ULP Sidoarjo Kota,JTM,SIWALANPANJI_485,SIWALAN PANJI,TM1,A3CS,0,0,-7.4455,112.74055
UP3 Sidoarjo,ULP Sidoarjo Kota,JTM,SIWALANPANJI_321,SIWALAN PANJI,TM8,A3CS,0,0,-7.444812,112.75206
UP3 Sidoarjo,ULP Sidoarjo Kota,JTM,SIWALANPANJI_355,SIWALAN PANJI,TM1,A3CS,0,0,-7.443184,112.752514
UP3 Sidoarjo,ULP Sidoarjo Kota,JTM,SIWALANPANJI_692,SIWALAN PANJI,TM10,A3CS,0,0,-7.460190961,112.742405
UP3 Sidoarjo,ULP Sidoarjo Kota,JTM,SIWALANPANJI_497,SIWALAN PANJI,TM1,A3CS,0,0,-7.44491,112.74598
UP3 Sidoarjo,ULP Sidoarjo Kota,JTM,SIWALANPANJI_595,SIWALAN PANJI,TM1,A3CS,0,0,-7.45228,112.73833
UP3 Sidoarjo,ULP Sidoarjo Kota,JTM,SIWALANPANJI_90,SIWALAN PANJI,TM1,A3CS,0,0,-7.42496,112.73809
UP3 Sidoarjo,ULP Sidoarjo Kota,JTM,SIWALANPANJI_309,SIWALAN PANJI,TM8,A3CS,0,0,-7.45484,112.747
UP3 Sidoarjo,ULP Sidoarjo Kota,JTM,SIWALANPANJI_696,SIWALAN PANJI,TM1,A3CS,0,0,-7.460147962,112.741731
UP3 Sidoarjo,ULP Sidoarjo Kota,JTM,SIWALANPANJI_733,SIWALAN PANJI,TM8,A3CS,0,0,-7.44914,112.73777
UP3 Sidoarjo,ULP Sidoarjo Kota,JTM,SIWALANPANJI_509,SIWALAN PANJI,TM1,A3CS,0,0,-7.44754,112.73808
UP3 Sidoarjo,ULP Sidoarjo Kota,JTM,SIWALANPANJI_488,SIWALAN PANJI,TM1,A3CS,0,0,-7.44533,112.74191
UP3 Sidoarjo,ULP Sidoarjo Kota,JTM,SIWALANPANJI_6,SIWALAN PANJI,TM1,A3CS,0,0,-7.42849,112.73482
UP3 Sidoarjo,ULP Sidoarjo Kota,JTM,SIWALANPANJI_567,SIWALAN PANJI,TM1,A3CS,0,0,-7.43958,112.73508
UP3 Sidoarjo,ULP Sidoarjo Kota,JTM,SIWALANPANJI_56,SIWALAN PANJI,TM8,A3CS,0,0,-7.4318,112.73676
UP3 Sidoarjo,ULP Sidoarjo Kota,JTM,SIWALANPANJI_666,SIWALAN PANJI,TM11,A3CS,0,0,-7.457397021,112.7444
UP3 Sidoarjo,ULP Sidoarjo Kota,JTM,SIWALANPANJI_281,SIWALAN PANJI,GTT2,A3CS,0,0,-7.427887022,112.737406
UP3 Sidoarjo,ULP Sidoarjo Kota,JTM,SIWALANPANJI_60,SIWALAN PANJI,TM8,A3CS,0,0,-7.43049,112.737
UP3 Sidoarjo,ULP Sidoarjo Kota,JTM,SIWALANPANJI_542,SIWALAN PANJI,TM1,A3CS,0,0,-7.44715,112.73675
UP3 Sidoarjo,ULP Sidoarjo Kota,JTM,SIWALANPANJI_599,SIWALAN PANJI,TM1,A3CS,0,0,-7.45389,112.7378
UP3 Sidoarjo,ULP Sidoarjo Kota,JTM,SIWALANPANJI_706,SIWALAN PANJI,TM1,A3CS,0,0,-7.446543965,112.751358
UP3 Sidoarjo,ULP Sidoarjo Kota,JTM,SIWALANPANJI_581,SIWALAN PANJI,TM1,A3CS,0,0,-7.44544,112.73625
UP3 Sidoarjo,ULP Sidoarjo Kota,JTM,SIWALANPANJI_607,SIWALAN PANJI,TM1,A3CS,0,0,-7.4577,112.7367
UP3 Sidoarjo,ULP Sidoarjo Kota,JTM,SIWALANPANJI_308,SIWALAN PANJI,TM8,A3CS,0,0,-7.45487,112.74678
UP3 Sidoarjo,ULP Sidoarjo Kota,JTM,SIWALANPANJI_549,SIWALAN PANJI,TM1,A3CS,0,0,-7.44679,112.73524
UP3 Sidoarjo,ULP Sidoarjo Kota,JTM,SIWALANPANJI_350,SIWALAN PANJI,GTT2,A3CS,0,0,-7.44397,112.752621
UP3 Sidoarjo,ULP Sidoarjo Kota,JTM,SIWALANPANJI_609,SIWALAN PANJI,TM1,A3CS,0,0,-7.4586,112.73652
UP3 Sidoarjo,ULP Sidoarjo Kota,JTM,SIWALANPANJI_664,SIWALAN PANJI,TM2,A3CS,0,0,-7.457477991,112.743511
UP3 Sidoarjo,ULP Sidoarjo Kota,JTM,SIWALANPANJI_720,SIWALAN PANJI,GTT2,A3CS,0,0,-7.446071981,112.75259
UP3 Sidoarjo,ULP Sidoarjo Kota,JTM,SIWALANPANJI_547,SIWALAN PANJI,TM1,A3CS,0,0,-7.44654,112.73557
UP3 Sidoarjo,ULP Sidoarjo Kota,JTM,SIWALANPANJI_475,SIWALAN PANJI,TM1,A3CS,0,0,-7.44362,112.73685
UP3 Sidoarjo,ULP Sidoarjo Kota,JTM,SIWALANPANJI_639,SIWALAN PANJI,TM11,A3CS,0,0,-7.456112998,112.739235
UP3 Sidoarjo,ULP Sidoarjo Kota,JTM,SIWALANPANJI_568,SIWALAN PANJI,TM8,A3CS,0,0,-7.43994,112.73507
UP3 Sidoarjo,ULP Sidoarjo Kota,JTM,SIWALANPANJI_165,SIWALAN PANJI,TM8,A3CS,0,0,-7.42146,112.73886
UP3 Sidoarjo,ULP Sidoarjo Kota,JTM,SIWALANPANJI_53,SIWALAN PANJI,TM8,A3CS,0,0,-7.43301,112.73638
UP3 Sidoarjo,ULP Sidoarjo Kota,JTM,SIWALANPANJI_506,SIWALAN PANJI,TM8,A3CS,0,0,-7.44755,112.73754
UP3 Sidoarjo,ULP Sidoarjo Kota,JTM,SIWALANPANJI_343,SIWALAN PANJI,TM1,A3CS,0,0,-7.44412,112.752678
UP3 Sidoarjo,ULP Sidoarjo Kota,JTM,SIWALANPANJI_94,SIWALAN PANJI,TM1,A3CS,0,0,-7.43172,112.73662
UP3 Sidoarjo,ULP Sidoarjo Kota,JTM,SIWALANPANJI_17,SIWALAN PANJI,TM8,A3CS,0,0,-7.43419,112.73596
UP3 Sidoarjo,ULP Sidoarjo Kota,JTM,SIWALANPANJI_531,SIWALAN PANJI,TM11,A3CS,0,0,-7.45707,112.73889
UP3 Sidoarjo,ULP Sidoarjo Kota,JTM,SIWALANPANJI_541,SIWALAN PANJI,GTT2,A3CS,0,0,-7.46041,112.73531
UP3 Sidoarjo,ULP Sidoarjo Kota,JTM,SIWALANPANJI_732,SIWALAN PANJI,TM8,A3CS,0,0,-7.44714,112.73684
UP3 Sidoarjo,ULP Sidoarjo Kota,JTM,SIWALANPANJI_731,SIWALAN PANJI,TM8,A3CS,0,0,-7.44438,112.73602
UP3 Sidoarjo,ULP Sidoarjo Kota,JTM,SIWALANPANJI_690,SIWALAN PANJI,TM1,A3CS,0,0,-7.45935604,112.742548
UP3 Sidoarjo,ULP Sidoarjo Kota,JTM,SIWALANPANJI_528,SIWALAN PANJI,TM1,A3CS,0,0,-7.45815,112.73871
UP3 Sidoarjo,ULP Sidoarjo Kota,JTM,SIWALANPANJI_286,SIWALAN PANJI,TM1,A3CS,0,0,-7.433439028,112.736434
UP3 Sidoarjo,ULP Sidoarjo Kota,JTM,SIWALANPANJI_730,SIWALAN PANJI,GTT2,A3CS,0,0,-7.445696974,112.753702
UP3 Sidoarjo,ULP Sidoarjo Kota,JTM,SIWALANPANJI_724,SIWALAN PANJI,TM1,A3CS,0,0,-7.445404027,112.751855
UP3 Sidoarjo,ULP Sidoarjo Kota,JTM,SIWALANPANJI_43,SIWALAN PANJI,GTT2,A3CS,0,0,-7.43681,112.73735
UP3 Sidoarjo,ULP Sidoarjo Kota,JTM,SIWALANPANJI_596,SIWALAN PANJI,TM1,A3CS,0,0,-7.45264,112.73821
UP3 Sidoarjo,ULP Sidoarjo Kota,JTM,SIWALANPANJI_560,SIWALAN PANJI,TM1,A3CS,0,0,-7.43709,112.73516
UP3 Sidoarjo,ULP Sidoarjo Kota,JTM,SIWALANPANJI_525,SIWALAN PANJI,TM1,A3CS,0,0,-7.4595,112.73822
UP3 Sidoarjo,ULP Sidoarjo Kota,JTM,SIWALANPANJI_665,SIWALAN PANJI,TM10,A3CS,0,0,-7.457332984,112.743865
UP3 Sidoarjo,ULP Sidoarjo Kota,JTM,SIWALANPANJI_492,SIWALAN PANJI,TM1,A3CS,0,0,-7.44513,112.74372
UP3 Sidoarjo,ULP Sidoarjo Kota,JTM,SIWALANPANJI_611,SIWALAN PANJI,TM8,A3CS,0,0,-7.45925,112.7364
UP3 Sidoarjo,ULP Sidoarjo Kota,JTM,SIWALANPANJI_70,SIWALAN PANJI,TM1,A3CS,0,0,-7.43206,112.74058
UP3 Sidoarjo,ULP Sidoarjo Kota,JTM,SIWALANPANJI_586,SIWALAN PANJI,TM8,A3CS,0,0,-7.44751,112.73702
UP3 Sidoarjo,ULP Sidoarjo Kota,JTM,SIWALANPANJI_725,SIWALAN PANJI,TM8,A3CS,0,0,-7.444980992,112.752039
UP3 Sidoarjo,ULP Sidoarjo Kota,JTM,SIWALANPANJI_357,SIWALAN PANJI,GTT,A3CS,0,0,-7.444445,112.753566
UP3 Sidoarjo,ULP Sidoarjo Kota,JTM,SIWALANPANJI_589,SIWALAN PANJI,TM1,A3CS,0,0,-7.4485,112.73746
UP3 Sidoarjo,ULP Sidoarjo Kota,JTM,SIWALANPANJI_345,SIWALAN PANJI,TM10,A3CS,0,0,-7.443126,112.75278
UP3 Sidoarjo,ULP Sidoarjo Kota,JTM,SIWALANPANJI_334,SIWALAN PANJI,GTT2,A3CS,0,0,-7.444436,112.75114
UP3 Sidoarjo,ULP Sidoarjo Kota,JTM,SIWALANPANJI_670,SIWALAN PANJI,TM1,A3CS,0,0,-7.457254026,112.74579
UP3 Sidoarjo,ULP Sidoarjo Kota,JTM,SIWALANPANJI_573,SIWALAN PANJI,TM1,A3CS,0,0,-7.44214,112.73548
UP3 Sidoarjo,ULP Sidoarjo Kota,JTM,SIWALANPANJI_614,SIWALAN PANJI,TM1,A3CS,0,0,-7.4598,112.7362
UP3 Sidoarjo,ULP Sidoarjo Kota,JTM,SIWALANPANJI_344,SIWALAN PANJI,TM8,A3CS,0,0,-7.443268,112.752717
UP3 Sidoarjo,ULP Sidoarjo Kota,JTM,SIWALANPANJI_489,SIWALAN PANJI,TM1,A3CS,0,0,-7.44526,112.74236
UP3 Sidoarjo,ULP Sidoarjo Kota,JTM,SIWALANPANJI_462,SIWALAN PANJI,TM1,A3CS,0,0,-7.42632,112.73272
UP3 Sidoarjo,ULP Sidoarjo Kota,JTM,SIWALANPANJI_716,SIWALAN PANJI,GTT2,A3CS,0,0,-7.44648898,112.753258
UP3 Sidoarjo,ULP Sidoarjo Kota,JTM,SIWALANPANJI_638,SIWALAN PANJI,TM11,A3CS,0,0,-7.456086008,112.73902
UP3 Sidoarjo,ULP Sidoarjo Kota,JTM,SIWALANPANJI_558,SIWALAN PANJI,TM2,A3CS,0,0,-7.43623,112.73521
UP3 Sidoarjo,ULP Sidoarjo Kota,JTM,SIWALANPANJI_63,SIWALAN PANJI,TM2,A3CS,0,0,-7.43131,112.7381
UP3 Sidoarjo,ULP Sidoarjo Kota,JTM,SIWALANPANJI_593,SIWALAN PANJI,TM1,A3CS,0,0,-7.45075,112.73847
UP3 Sidoarjo,ULP Sidoarjo Kota,JTM,SIWALANPANJI_471,SIWALAN PANJI,GTT2,A3CS,0,0,-7.44139,112.73566
UP3 Sidoarjo,ULP Sidoarjo Kota,JTM,SIWALANPANJI_259,SIWALAN PANJI,TMMVTIC,A3CS,0,0,-7.43305,112.73404
UP3 Sidoarjo,ULP Sidoarjo Kota,JTM,SIWALANPANJI_499,SIWALAN PANJI,TM1,A3CS,0,0,-7.44486,112.74687
UP3 Sidoarjo,ULP Sidoarjo Kota,JTM,SIWALANPANJI_54,SIWALAN PANJI,TM2,A3CS,0,0,-7.43258,112.73655
UP3 Sidoarjo,ULP Sidoarjo Kota,JTM,SIWALANPANJI_601,SIWALAN PANJI,TM8,A3CS,0,0,-7.4546,112.73756
UP3 Sidoarjo,ULP Sidoarjo Kota,JTM,SIWALANPANJI_293,SIWALAN PANJI,TM1,A3CS,0,0,-7.46034,112.74226
UP3 Sidoarjo,ULP Sidoarjo Kota,JTM,SIWALANPANJI_534,SIWALAN PANJI,TM11,A3CS,0,0,-7.45735,112.73967
UP3 Sidoarjo,ULP Sidoarjo Kota,JTM,SIWALANPANJI_322,SIWALAN PANJI,TM1,A3CS,0,0,-7.444935,112.752344
UP3 Sidoarjo,ULP Sidoarjo Kota,JTM,SIWALANPANJI_329,SIWALAN PANJI,TM1,A3CS,0,0,-7.444854,112.751855
UP3 Sidoarjo,ULP Sidoarjo Kota,JTM,SIWALANPANJI_533,SIWALAN PANJI,TM11,A3CS,0,0,-7.45726,112.73972
UP3 Sidoarjo,ULP Sidoarjo Kota,JTM,SIWALANPANJI_647,SIWALAN PANJI,TM8,A3CS,0,0,-7.457139026,112.739192
UP3 Sidoarjo,ULP Sidoarjo Kota,JTM,SIWALANPANJI_315,SIWALAN PANJI,TM1,A3CS,0,0,-7.4474195,112.75336
UP3 Sidoarjo,ULP Sidoarjo Kota,JTM,SIWALANPANJI_592,SIWALAN PANJI,TM2,A3CS,0,0,-7.44991,112.73805
UP3 Sidoarjo,ULP Sidoarjo Kota,JTM,SIWALANPANJI_217,SIWALAN PANJI,GTT2,A3CS,0,0,-7.4192,112.74103
UP3 Sidoarjo,ULP Sidoarjo Kota,JTM,SIWALANPANJI_510,SIWALAN PANJI,TM1,A3CS,0,0,-7.44757,112.73839
UP3 Sidoarjo,ULP Sidoarjo Kota,JTM,SIWALANPANJI_501,SIWALAN PANJI,TM1,A3CS,0,0,-7.44485,112.7478
UP3 Sidoarjo,ULP Sidoarjo Kota,JTM,SIWALANPANJI_600,SIWALAN PANJI,TM8,A3CS,0,0,-7.45423,112.73769
UP3 Sidoarjo,ULP Sidoarjo Kota,JTM,SIWALANPANJI_603,SIWALAN PANJI,TM1,A3CS,0,0,-7.45509,112.73738
UP3 Sidoarjo,ULP Sidoarjo Kota,JTM,SIWALANPANJI_646,SIWALAN PANJI,TM11,A3CS,0,0,-7.457089992,112.738938
UP3 Sidoarjo,ULP Sidoarjo Kota,JTM,SIWALANPANJI_457,SIWALAN PANJI,TM1,A3CS,0,0,-7.42587,112.73165
UP3 Sidoarjo,ULP Sidoarjo Kota,JTM,SIWALANPANJI_260,SIWALAN PANJI,TMMVTIC,A3CS,0,0,-7.43313,112.73406
UP3 Sidoarjo,ULP Sidoarjo Kota,JTM,SIWALANPANJI_640,SIWALAN PANJI,TM1,A3CS,0,0,-7.456173012,112.739549
UP3 Sidoarjo,ULP Sidoarjo Kota,JTM,SIWALANPANJI_478,SIWALAN PANJI,TM1,A3CS,0,0,-7.44449,112.7377
UP3 Sidoarjo,ULP Sidoarjo Kota,JTM,SIWALANPANJI_739,SIWALAN PANJI,TM8,A3CS,0,0,-7.46024,112.73622
UP3 Sidoarjo,ULP Sidoarjo Kota,JTM,SIWALANPANJI_267,SIWALAN PANJI,TM8,A3CS,0,0,-7.43428,112.73594
UP3 Sidoarjo,ULP Sidoarjo Kota,JTM,SIWALANPANJI_564,SIWALAN PANJI,GTT2,A3CS,0,0,-7.43835,112.73511
UP3 Sidoarjo,ULP Sidoarjo Kota,JTM,SIWALANPANJI_487,SIWALAN PANJI,TM1,A3CS,0,0,-7.44543,112.74145
UP3 Sidoarjo,ULP Sidoarjo Kota,JTM,SIWALANPANJI_360,SIWALAN PANJI,TM1,A3CS,0,0,-7.444214,112.755411
UP3 Sidoarjo,ULP Sidoarjo Kota,JTM,SIWALANPANJI_9,SIWALAN PANJI,PMT,A3CS,0,0,-7.43017,112.73432
UP3 Sidoarjo,ULP Sidoarjo Kota,JTM,SIWALANPANJI_532,SIWALAN PANJI,TM8,A3CS,0,0,-7.45715,112.73934
UP3 Sidoarjo,ULP Sidoarjo Kota,JTM,SIWALANPANJI_577,SIWALAN PANJI,TM1,A3CS,0,0,-7.4437,112.73584
UP3 Sidoarjo,ULP Sidoarjo Kota,JTM,SIWALANPANJI_493,SIWALAN PANJI,TM1,A3CS,0,0,-7.44509,112.74417
UP3 Sidoarjo,ULP Sidoarjo Kota,JTM,SIWALANPANJI_289,SIWALAN PANJI,TM8,A3CS,0,0,-7.45987,112.74259
UP3 Sidoarjo,ULP Sidoarjo Kota,JTM,SIWALANPANJI_8,SIWALAN PANJI,PMS,A3CS,0,0,-7.4294,112.73458
UP3 Sidoarjo,ULP Sidoarjo Kota,JTM,SIWALANPANJI_522,SIWALAN PANJI,GTT2,A3CS,0,0,-7.45612,112.73754
UP3 Sidoarjo,ULP Sidoarjo Kota,JTM,SIWALANPANJI_359,SIWALAN PANJI,TM4,A3CS,0,0,-7.444518,112.753743
UP3 Sidoarjo,ULP Sidoarjo Kota,JTM,SIWALANPANJI_468,SIWALAN PANJI,GTT2,A3CS,0,0,-7.44006,112.73495
UP3 Sidoarjo,ULP Sidoarjo Kota,JTM,SIWALANPANJI_710,SIWALAN PANJI,TM8,A3CS,0,0,-7.445840975,112.751639
UP3 Sidoarjo,ULP Sidoarjo Kota,JTM,SIWALANPANJI_306,SIWALAN PANJI,TM4,A3CS,0,0,-7.45479,112.74663
UP3 Sidoarjo,ULP Sidoarjo Kota,JTM,SIWALANPANJI_78,SIWALAN PANJI,GTT2,A3CS,0,0,-7.43451,112.74193
UP3 Sidoarjo,ULP Sidoarjo Kota,JTM,SIWALANPANJI_328,SIWALAN PANJI,TM4,A3CS,0,0,-7.446057,112.754707
UP3 Sidoarjo,ULP Sidoarjo Kota,JTM,SIWALANPANJI_93,SIWALAN PANJI,GTT1,A3CS,0,0,-7.43302,112.73598
UP3 Sidoarjo,ULP Sidoarjo Kota,JTM,SIWALANPANJI_718,SIWALAN PANJI,TM1,A3CS,0,0,-7.44635202,112.753259
UP3 Sidoarjo,ULP Sidoarjo Kota,JTM,SIWALANPANJI_320,SIWALAN PANJI,GTT2,A3CS,0,0,-7.447727,112.75418
UP3 Sidoarjo,ULP Sidoarjo Kota,JTM,SIWALANPANJI_704,SIWALAN PANJI,TM1,A3CS,0,0,-7.446174994,112.750441
UP3 Sidoarjo,ULP Sidoarjo Kota,JTM,SIWALANPANJI_318,SIWALAN PANJI,TM1,A3CS,0,0,-7.4475328,112.75371
UP3 Sidoarjo,ULP Sidoarjo Kota,JTM,SIWALANPANJI_546,SIWALAN PANJI,TM8,A3CS,0,0,-7.44685,112.73551
UP3 Sidoarjo,ULP Sidoarjo Kota,JTM,SIWALANPANJI_597,SIWALAN PANJI,TM1,A3CS,0,0,-7.45306,112.73807
UP3 Sidoarjo,ULP Sidoarjo Kota,JTM,SIWALANPANJI_163,SIWALAN PANJI,TM8,A3CS,0,0,-7.4219,112.7387
UP3 Sidoarjo,ULP Sidoarjo Kota,JTM,SIWALANPANJI_473,SIWALAN PANJI,TM1,A3CS,0,0,-7.44309,112.73626
UP3 Sidoarjo,ULP Sidoarjo Kota,JTM,SIWALANPANJI_587,SIWALAN PANJI,TM1,A3CS,0,0,-7.44784,112.73719
UP3 Sidoarjo,ULP Sidoarjo Kota,JTM,SIWALANPANJI_327,SIWALAN PANJI,TM1,A3CS,0,0,-7.445769,112.754028
UP3 Sidoarjo,ULP Sidoarjo Kota,JTM,SIWALANPANJI_69,SIWALAN PANJI,TM1,A3CS,0,0,-7.43178,112.74018
UP3 Sidoarjo,ULP Sidoarjo Kota,JTM,SIWALANPANJI_332,SIWALAN PANJI,TM1,A3CS,0,0,-7.444435,112.750767
UP3 Sidoarjo,ULP Sidoarjo Kota,JTM,SIWALANPANJI_476,SIWALAN PANJI,TM5,A3CS,0,0,-7.44395,112.7371
UP3 Sidoarjo,ULP Sidoarjo Kota,JTM,SIWALANPANJI_326,SIWALAN PANJI,TM4,A3CS,0,0,-7.445392,112.753525
UP3 Sidoarjo,ULP Sidoarjo Kota,JTM,SIWALANPANJI_482,SIWALAN PANJI,TM1,A3CS,0,0,-7.4452,112.73921
UP3 Sidoarjo,ULP Sidoarjo Kota,JTM,SIWALANPANJI_545,SIWALAN PANJI,TM1,A3CS,0,0,-7.44696,112.73578
UP3 Sidoarjo,ULP Sidoarjo Kota,JTM,SIWALANPANJI_503,SIWALAN PANJI,GTT2,A3CS,0,0,-7.44526,112.74865
UP3 Sidoarjo,ULP Sidoarjo Kota,JTM,SIWALANPANJI_86,SIWALAN PANJI,TM1,A3CS,0,0,-7.42707,112.73768
UP3 Sidoarjo,ULP Sidoarjo Kota,JTM,SIWALANPANJI_277,SIWALAN PANJI,TM1,A3CS,0,0,-7.45958,112.74265
UP3 Sidoarjo,ULP Sidoarjo Kota,JTM,SIWALANPANJI_726,SIWALAN PANJI,TM1,A3CS,0,0,-7.445129016,112.752371
UP3 Sidoarjo,ULP Sidoarjo Kota,JTM,SIWALANPANJI_657,SIWALAN PANJI,TM1,A3CS,0,0,-7.458608961,112.74125
UP3 Sidoarjo,ULP Sidoarjo Kota,JTM,SIWALANPANJI_550,SIWALAN PANJI,TM1,A3CS,0,0,-7.44671,112.73494
UP3 Sidoarjo,ULP Sidoarjo Kota,JTM,SIWALANPANJI_463,SIWALAN PANJI,TM1,A3CS,0,0,-7.42645,112.73314
UP3 Sidoarjo,ULP Sidoarjo Kota,JTM,SIWALANPANJI_74,SIWALAN PANJI,TM1,A3CS,0,0,-7.43313,112.74126
UP3 Sidoarjo,ULP Sidoarjo Kota,JTM,SIWALANPANJI_459,SIWALAN PANJI,TM1,A3CS,0,0,-7.42608,112.73217
UP3 Sidoarjo,ULP Sidoarjo Kota,JTM,SIWALANPANJI_464,SIWALAN PANJI,TM5,A3CS,0,0,-7.42656,112.73341
UP3 Sidoarjo,ULP Sidoarjo Kota,JTM,SIWALANPANJI_225,SIWALAN PANJI,TM10,A3CS,0,0,-7.41718,112.74183
UP3 Sidoarjo,ULP Sidoarjo Kota,JTM,SIWALANPANJI_341,SIWALAN PANJI,TM1,A3CS,0,0,-7.443426,112.753376
UP3 Sidoarjo,ULP Sidoarjo Kota,JTM,SIWALANPANJI_500,SIWALAN PANJI,TM5,A3CS,0,0,-7.44484,112.74734
UP3 Sidoarjo,ULP Sidoarjo Kota,JTM,SIWALANPANJI_540,SIWALAN PANJI,TM1,A3CS,0,0,-7.46045,112.73569
UP3 Sidoarjo,ULP Sidoarjo Kota,JTM,SIWALANPANJI_284,SIWALAN PANJI,TM1,A3CS,0,0,-7.424753029,112.737892
UP3 Sidoarjo,ULP Sidoarjo Kota,JTM,SIWALANPANJI_316,SIWALAN PANJI,TM1,A3CS,0,0,-7.44772,112.75414
UP3 Sidoarjo,ULP Sidoarjo Kota,JTM,SIWALANPANJI_604,SIWALAN PANJI,TM1,A3CS,0,0,-7.45561,112.73719
UP3 Sidoarjo,ULP Sidoarjo Kota,JTM,SIWALANPANJI_561,SIWALAN PANJI,TM1,A3CS,0,0,-7.43745,112.73515
UP3 Sidoarjo,ULP Sidoarjo Kota,JTM,SIWALANPANJI_82,SIWALAN PANJI,TM1,A3CS,0,0,-7.42866,112.73734
UP3 Sidoarjo,ULP Sidoarjo Kota,JTM,SIWALANPANJI_437,SIWALAN PANJI,GTT2,A3CS,0,0,-7.447183311,112.7375041
UP3 Sidoarjo,ULP Sidoarjo Kota,JTM,SIWALANPANJI_89,SIWALAN PANJI,TM1,A3CS,0,0,-7.42548,112.73798
UP3 Sidoarjo,ULP Sidoarjo Kota,JTM,SIWALANPANJI_515,SIWALAN PANJI,TM1,A3CS,0,0,-7.44842,112.74026
UP3 Sidoarjo,ULP Sidoarjo Kota,JTM,SIWALANPANJI_339,SIWALAN PANJI,GTT2,A3CS,0,0,-7.445875,112.754224
UP3 Sidoarjo,ULP Sidoarjo Kota,JTM,SIWALANPANJI_594,SIWALAN PANJI,TM1,A3CS,0,0,-7.45145,112.73855
UP3 Sidoarjo,ULP Sidoarjo Kota,JTM,SIWALANPANJI_504,SIWALAN PANJI,TM5,A3CS,0,0,-7.44553,112.74884
UP3 Sidoarjo,ULP Sidoarjo Kota,JTM,SIWALANPANJI_717,SIWALAN PANJI,GTT2,A3CS,0,0,-7.446411029,112.753348
UP3 Sidoarjo,ULP Sidoarjo Kota,JTM,SIWALANPANJI_691,SIWALAN PANJI,TM1,A3CS,0,0,-7.459779996,112.742465
UP3 Sidoarjo,ULP Sidoarjo Kota,JTM,SIWALANPANJI_612,SIWALAN PANJI,TM10,A3CS,0,0,-7.45928,112.73632
UP3 Sidoarjo,ULP Sidoarjo Kota,JTM,SIWALANPANJI_613,SIWALAN PANJI,TM1,A3CS,0,0,-7.45951,112.73626
UP3 Sidoarjo,ULP Sidoarjo Kota,JTM,SIWALANPANJI_569,SIWALAN PANJI,TM2,A3CS,0,0,-7.44037,112.7351
UP3 Sidoarjo,ULP Sidoarjo Kota,JTM,SIWALANPANJI_486,SIWALAN PANJI,TM1,A3CS,0,0,-7.4455,112.741
UP3 Sidoarjo,ULP Sidoarjo Kota,JTM,SIWALANPANJI_97,SIWALAN PANJI,TM1,A3CS,0,0,-7.42738,112.7375
UP3 Sidoarjo,ULP Sidoarjo Kota,JTM,SIWALANPANJI_605,SIWALAN PANJI,TM1,A3CS,0,0,-7.45646,112.73697
UP3 Sidoarjo,ULP Sidoarjo Kota,JTM,SIWALANPANJI_368,SIWALAN PANJI,TM1,A3CS,0,0,-7.444332,112.755672
UP3 Sidoarjo,ULP Sidoarjo Kota,JTM,SIWALANPANJI_728,SIWALAN PANJI,TM1,A3CS,0,0,-7.445417019,112.753025
UP3 Sidoarjo,ULP Sidoarjo Kota,JTM,SIWALANPANJI_13,SIWALAN PANJI,TM1,A3CS,0,0,-7.43173,112.73409
UP3 Sidoarjo,ULP Sidoarjo Kota,JTM,SIWALANPANJI_3,SIWALAN PANJI,TM10,A3CS,0,0,-7.42768,112.73498
UP3 Sidoarjo,ULP Sidoarjo Kota,JTM,SIWALANPANJI_365,SIWALAN PANJI,TM1,A3CS,0,0,-7.4435,112.753651
UP3 Sidoarjo,ULP Sidoarjo Kota,JTM,SIWALANPANJI_557,SIWALAN PANJI,TM2,A3CS,0,0,-7.43587,112.7353
UP3 Sidoarjo,ULP Sidoarjo Kota,JTM,SIWALANPANJI_81,SIWALAN PANJI,TM1,A3CS,0,0,-7.4292,112.73726
UP3 Sidoarjo,ULP Sidoarjo Kota,JTM,SIWALANPANJI_373,SIWALAN PANJI,TM8,A3CS,0,0,-7.444866,112.736137
UP3 Sidoarjo,ULP Sidoarjo Kota,JTM,SIWALANPANJI_456,SIWALAN PANJI,TM5,A3CS,0,0,-7.4258,112.73141
UP3 Sidoarjo,ULP Sidoarjo Kota,JTM,SIWALANPANJI_543,SIWALAN PANJI,TM1,A3CS,0,0,-7.44709,112.73619
UP3 Sidoarjo,ULP Sidoarjo Kota,JTM,SIWALANPANJI_270,SIWALAN PANJI,TM1,A3CS,0,0,-7.42186,112.7386
UP3 Sidoarjo,ULP Sidoarjo Kota,JTM,SIWALANPANJI_301,SIWALAN PANJI,TM1,A3CS,0,0,-7.45522,112.74613
UP3 Sidoarjo,ULP Sidoarjo Kota,JTM,SIWALANPANJI_158,SIWALAN PANJI,TM1,A3CS,0,0,-7.42205,112.7386
UP3 Sidoarjo,ULP Sidoarjo Kota,JTM,SIWALANPANJI_351,SIWALAN PANJI,TM1,A3CS,0,0,-7.444367,112.753409
UP3 Sidoarjo,ULP Sidoarjo Kota,JTM,SIWALANPANJI_606,SIWALAN PANJI,TM1,A3CS,0,0,-7.45726,112.73677
UP3 Sidoarjo,ULP Sidoarjo Kota,JTM,SIWALANPANJI_481,SIWALAN PANJI,TM5,A3CS,0,0,-7.44501,112.7388
UP3 Sidoarjo,ULP Sidoarjo Kota,JTM,SIWALANPANJI_548,SIWALAN PANJI,GTT2,A3CS,0,0,-7.44635,112.73563
UP3 Sidoarjo,ULP Sidoarjo Kota,JTM,SIWALANPANJI_330,SIWALAN PANJI,TM1,A3CS,0,0,-7.444751,112.751575
UP3 Sidoarjo,ULP Sidoarjo Kota,JTM,SIWALANPANJI_162,SIWALAN PANJI,TM10,A3CS,0,0,-7.42215,112.73866
UP3 Sidoarjo,ULP Sidoarjo Kota,JTM,SIWALANPANJI_511,SIWALAN PANJI,TM1,A3CS,0,0,-7.4476,112.73884
UP3 Sidoarjo,ULP Sidoarjo Kota,JTM,SIWALANPANJI_4,SIWALAN PANJI,TM1,A3CS,0,0,-7.4279,112.73492
UP3 Sidoarjo,ULP Sidoarjo Kota,JTM,SIWALANPANJI_711,SIWALAN PANJI,TM1,A3CS,0,0,-7.445934014,112.751933
UP3 Sidoarjo,ULP Sidoarjo Kota,JTM,SIWALANPANJI_361,SIWALAN PANJI,TM1,A3CS,0,0,-7.443608,112.753865
UP3 Sidoarjo,ULP Sidoarjo Kota,JTM,SIWALANPANJI_551,SIWALAN PANJI,TM10,A3CS,0,0,-7.4466,112.73465
UP3 Sidoarjo,ULP Sidoarjo Kota,JTM,SIWALANPANJI_598,SIWALAN PANJI,TM1,A3CS,0,0,-7.45348,112.73794
UP3 Sidoarjo,ULP Sidoarjo Kota,JTM,SIWALANPANJI_461,SIWALAN PANJI,TM1,A3CS,0,0,-7.42619,112.73239
UP3 Sidoarjo,ULP Sidoarjo Kota,JTM,SIWALANPANJI_79,SIWALAN PANJI,TM1,A3CS,0,0,-7.4301,112.73702
UP3 Sidoarjo,ULP Sidoarjo Kota,JTM,SIWALANPANJI_697,SIWALAN PANJI,TM1,A3CS,0,0,-7.460083002,112.741396
UP3 Sidoarjo,ULP Sidoarjo Kota,JTM,SIWALANPANJI_483,SIWALAN PANJI,TM1,A3CS,0,0,-7.44536,112.73966
UP3 Sidoarjo,ULP Sidoarjo Kota,JTM,SIWALANPANJI_480,SIWALAN PANJI,GTT2,A3CS,0,0,-7.44483,112.73842
UP3 Sidoarjo,ULP Sidoarjo Kota,JTM,SIWALANPANJI_98,SIWALAN PANJI,GTT2,A3CS,0,0,-7.42734,112.73731
UP3 Sidoarjo,ULP Sidoarjo Kota,JTM,SIWALANPANJI_210,SIWALAN PANJI,TM8,A3CS,0,0,-7.41939,112.7409
UP3 Sidoarjo,ULP Sidoarjo Kota,JTM,SIWALANPANJI_578,SIWALAN PANJI,TM1,A3CS,0,0,-7.44412,112.73602
UP3 Sidoarjo,ULP Sidoarjo Kota,JTM,SIWALANPANJI_563,SIWALAN PANJI,TM8,A3CS,0,0,-7.43789,112.73513
UP3 Sidoarjo,ULP Sidoarjo Kota,JTM,SIWALANPANJI_715,SIWALAN PANJI,GTT2,A3CS,0,0,-7.44641304,112.753099
UP3 Sidoarjo,ULP Sidoarjo Kota,JTM,SIWALANPANJI_80,SIWALAN PANJI,TM1,A3CS,0,0,-7.42966,112.73719
UP3 Sidoarjo,ULP Sidoarjo Kota,JTM,SIWALANPANJI_505,SIWALAN PANJI,TM1,A3CS,0,0,-7.44757,112.73754
UP3 Sidoarjo,ULP Sidoarjo Kota,JTM,SIWALANPANJI_92,SIWALAN PANJI,TM2,A3CS,0,0,-7.43307,112.73615
UP3 Sidoarjo,ULP Sidoarjo Kota,JTM,SIWALANPANJI_527,SIWALAN PANJI,TM1,A3CS,0,0,-7.45863,112.73864
UP3 Sidoarjo,ULP Sidoarjo Kota,JTM,SIWALANPANJI_742,SIWALAN PANJI,TM4,A3CS,0,0,-7.46128,112.73607
UP3 Sidoarjo,ULP Sidoarjo Kota,JTM,SIWALANPANJI_436,SIWALAN PANJI,TM10,A3CS,0,0,-7.44733844,112.7375129
UP3 Sidoarjo,ULP Sidoarjo Kota,JTM,SIWALANPANJI_544,SIWALAN PANJI,TM1,A3CS,0,0,-7.44705,112.73609
UP3 Sidoarjo,ULP Sidoarjo Kota,JTM,SIWALANPANJI_25,SIWALAN PANJI,GTT2,A3CS,0,0,-7.43534,112.7376
UP3 Sidoarjo,ULP Sidoarjo Kota,JTM,SIWALANPANJI_574,SIWALAN PANJI,TM1,A3CS,0,0,-7.44257,112.73557
UP3 Sidoarjo,ULP Sidoarjo Kota,JTM,SIWALANPANJI_713,SIWALAN PANJI,TM1,A3CS,0,0,-7.446135012,112.752424
UP3 Sidoarjo,ULP Sidoarjo Kota,JTM,SIWALANPANJI_362,SIWALAN PANJI,TM1,A3CS,0,0,-7.44372,112.754132
UP3 Sidoarjo,ULP Sidoarjo Kota,JTM,SIWALANPANJI_514,SIWALAN PANJI,TM1,A3CS,0,0,-7.44807,112.74029
UP3 Sidoarjo,ULP Sidoarjo Kota,JTM,SIWALANPANJI_16,SIWALAN PANJI,TM1,A3CS,0,0,-7.43414,112.73581
UP3 Sidoarjo,ULP Sidoarjo Kota,JTM,SIWALANPANJI_521,SIWALAN PANJI,TM11,A3CS,0,0,-7.45431,112.738
UP3 Sidoarjo,ULP Sidoarjo Kota,JTM,SIWALANPANJI_325,SIWALAN PANJI,TM1,A3CS,0,0,-7.445276,112.753177
UP3 Sidoarjo,ULP Sidoarjo Kota,JTM,SIWALANPANJI_292,SIWALAN PANJI,TM10,A3CS,0,0,-7.46043,112.74252
UP3 Sidoarjo,ULP Sidoarjo Kota,JTM,SIWALANPANJI_348,SIWALAN PANJI,TM1,A3CS,0,0,-7.444345,112.753375
UP3 Sidoarjo,ULP Sidoarjo Kota,JTM,SIWALANPANJI_508,SIWALAN PANJI,GTT2,A3CS,0,0,-7.44803,112.73797
UP3 Sidoarjo,ULP Sidoarjo Kota,JTM,SIWALANPANJI_313,SIWALAN PANJI,TM1,A3CS,0,0,-7.4472459,112.75304
UP3 Sidoarjo,ULP Sidoarjo Kota,JTM,SIWALANPANJI_10,SIWALAN PANJI,TM1,A3CS,0,0,-7.43058,112.73423
UP3 Sidoarjo,ULP Sidoarjo Kota,JTM,SIWALANPANJI_311,SIWALAN PANJI,GTT2,A3CS,0,0,-7.4469105,112.75221
UP3 Sidoarjo,ULP Sidoarjo Kota,JTM,SIWALANPANJI_62,SIWALAN PANJI,TM2,A3CS,0,0,-7.43111,112.73767
UP3 Sidoarjo,ULP Sidoarjo Kota,JTM,SIWALANPANJI_261,SIWALAN PANJI,TM11,A3CS,0,0,-7.43323,112.73436
UP3 Sidoarjo,ULP Sidoarjo Kota,JTM,SIWALANPANJI_669,SIWALAN PANJI,TM10,A3CS,0,0,-7.457596008,112.745694
UP3 Sidoarjo,ULP Sidoarjo Kota,JTM,SIWALANPANJI_346,SIWALAN PANJI,GTT2,A3CS,0,0,-7.443295,112.753163
UP3 Sidoarjo,ULP Sidoarjo Kota,JTM,SIWALANPANJI_518,SIWALAN PANJI,TM1,A3CS,0,0,-7.44738,112.74041
UP3 Sidoarjo,ULP Sidoarjo Kota,JTM,SIWALANPANJI_727,SIWALAN PANJI,GTT2,A3CS,0,0,-7.445268994,112.752694
UP3 Sidoarjo,ULP Sidoarjo Kota,JTM,SIWALANPANJI_226,SIWALAN PANJI,TM1,A3CS,0,0,-7.41726,112.74218
UP3 Sidoarjo,ULP Sidoarjo Kota,JTM,SIWALANPANJI_472,SIWALAN PANJI,TM1,A3CS,0,0,-7.44292,112.7359
UP3 Sidoarjo,ULP Sidoarjo Kota,JTM,SIWALANPANJI_369,SIWALAN PANJI,TM1,A3CS,0,0,-7.44443,112.755907
UP3 Sidoarjo,ULP Sidoarjo Kota,JTM,SIWALANPANJI_490,SIWALAN PANJI,TM1,A3CS,0,0,-7.44522,112.7428
UP3 Sidoarjo,ULP Sidoarjo Kota,JTM,SIWALANPANJI_477,SIWALAN PANJI,TM2,A3CS,0,0,-7.44426,112.73736
UP3 Sidoarjo,ULP Sidoarjo Kota,JTM,SIWALANPANJI_275,SIWALAN PANJI,TM1,A3CS,0,0,-7.45903,112.74274
UP3 Sidoarjo,ULP Sidoarjo Kota,JTM,SIWALANPANJI_280,SIWALAN PANJI,GTT2,A3CS,0,0,-7.432855982,112.736315
UP3 Sidoarjo,ULP Sidoarjo Kota,JTM,SIWALANPANJI_591,SIWALAN PANJI,TM2,A3CS,0,0,-7.44947,112.73789
UP3 Sidoarjo,ULP Sidoarjo Kota,JTM,SIWALANPANJI_729,SIWALAN PANJI,TM1,A3CS,0,0,-7.445547022,112.75335
UP3 Sidoarjo,ULP Sidoarjo Kota,JTM,SIWALANPANJI_222,SIWALAN PANJI,TM1,A3CS,0,0,-7.41804,112.74149
UP3 Sidoarjo,ULP Sidoarjo Kota,JTM,SIWALANPANJI_45,SIWALAN PANJI,TM10,A3CS,0,0,-7.43706,112.73732
UP3 Sidoarjo,ULP Sidoarjo Kota,JTM,SIWALANPANJI_565,SIWALAN PANJI,TM1,A3CS,0,0,-7.43873,112.73511
UP3 Sidoarjo,ULP Sidoarjo Kota,JTM,SIWALANPANJI_714,SIWALAN PANJI,GTT2,A3CS,0,0,-7.446272979,112.752739
UP3 Sidoarjo,ULP Sidoarjo Kota,JTM,SIWALANPANJI_340,SIWALAN PANJI,TM1,A3CS,0,0,-7.444158,112.753073
UP3 Sidoarjo,ULP Sidoarjo Kota,JTM,SIWALANPANJI_588,SIWALAN PANJI,TM1,A3CS,0,0,-7.44812,112.73731
UP3 Sidoarjo,ULP Sidoarjo Kota,JTM,SIWALANPANJI_87,SIWALAN PANJI,TM1,A3CS,0,0,-7.42655,112.73776
UP3 Sidoarjo,ULP Sidoarjo Kota,JTM,SIWALANPANJI_75,SIWALAN PANJI,TM1,A3CS,0,0,-7.43352,112.74142
UP3 Sidoarjo,ULP Sidoarjo Kota,JTM,SIWALANPANJI_21,SIWALAN PANJI,TM10,A3CS,0,0,-7.43484,112.73728
UP3 Sidoarjo,ULP Sidoarjo Kota,JTM,SIWALANPANJI_648,SIWALAN PANJI,GTT2,A3CS,0,0,-7.457127962,112.73929
UP3 Sidoarjo,ULP Sidoarjo Kota,JTM,SIWALANPANJI_160,SIWALAN PANJI,TM1,A3CS,0,0,-7.42334,112.73842
UP3 Sidoarjo,ULP Sidoarjo Kota,JTM,SIWALANPANJI_323,SIWALAN PANJI,TM1,A3CS,0,0,-7.445024,112.752562
UP3 Sidoarjo,ULP Sidoarjo Kota,JTM,SIWALANPANJI_524,SIWALAN PANJI,TM2,A3CS,0,0,-7.45957,112.7379
UP3 Sidoarjo,ULP Sidoarjo Kota,JTM,SIWALANPANJI_57,SIWALAN PANJI,TM1,A3CS,0,0,-7.43169,112.73678
UP3 Sidoarjo,ULP Sidoarjo Kota,JTM,SIWALANPANJI_287,SIWALAN PANJI,GTT2,A3CS,0,0,-7.433517985,112.736632
UP3 Sidoarjo,ULP Sidoarjo Kota,JTM,SIWALANPANJI_602,SIWALAN PANJI,TM1,A3CS,0,0,-7.45488,112.73743
UP3 Sidoarjo,ULP Sidoarjo Kota,JTM,SIWALANPANJI_347,SIWALAN PANJI,TM1,A3CS,0,0,-7.443567,112.752562
UP3 Sidoarjo,ULP Sidoarjo Kota,JTM,SIWALANPANJI_734,SIWALAN PANJI,TM8,A3CS,0,0,-7.45032,112.73829
UP3 Sidoarjo,ULP Sidoarjo Kota,JTM,SIWALANPANJI_562,SIWALAN PANJI,TM11,A3CS,0,0,-7.43774,112.73514
UP3 Sidoarjo,ULP Sidoarjo Kota,JTM,SIWALANPANJI_224,SIWALAN PANJI,GTT2,A3CS,0,0,-7.41752,112.74173
UP3 Sidoarjo,ULP Sidoarjo Kota,JTM,SIWALANPANJI_708,SIWALAN PANJI,GTT2,A3CS,0,0,-7.446842026,112.752055
UP3 Sidoarjo,ULP Sidoarjo Kota,JTM,SIWALANPANJI_479,SIWALAN PANJI,TM1,A3CS,0,0,-7.44467,112.73806
UP3 Sidoarjo,ULP Sidoarjo Kota,JTM,SIWALANPANJI_271,SIWALAN PANJI,TM1,A3CS,0,0,-7.42164,112.7386
UP3 Sidoarjo,ULP Sidoarjo Kota,JTM,SIWALANPANJI_661,SIWALAN PANJI,TM2,A3CS,0,0,-7.458352977,112.742772
UP3 Sidoarjo,ULP Sidoarjo Kota,JTM,SIWALANPANJI_694,SIWALAN PANJI,TM11,A3CS,0,0,-7.460278971,112.741981
UP3 Sidoarjo,ULP Sidoarjo Kota,JTM,SIWALANPANJI_659,SIWALAN PANJI,TM1,A3CS,0,0,-7.458733013,112.74216
UP3 Sidoarjo,ULP Sidoarjo Kota,JTM,SIWALANPANJI_695,SIWALAN PANJI,GTT2,A3CS,0,0,-7.460297998,112.741916
UP3 Sidoarjo,ULP Sidoarjo Kota,JTM,SIWALANPANJI_282,SIWALAN PANJI,TM1,A3CS,0,0,-7.42766398,112.737458
UP3 Sidoarjo,ULP Sidoarjo Kota,JTM,SIWALANPANJI_707,SIWALAN PANJI,TM1,A3CS,0,0,-7.446688972,112.751721
UP3 Sidoarjo,ULP Sidoarjo Kota,JTM,SIWALANPANJI_498,SIWALAN PANJI,TM1,A3CS,0,0,-7.44488,112.74642
UP3 Sidoarjo,ULP Sidoarjo Kota,JTM,SIWALANPANJI_712,SIWALAN PANJI,TM1,A3CS,0,0,-7.446010038,112.752106
UP3 Sidoarjo,ULP Sidoarjo Kota,JTM,SIWALANPANJI_615,SIWALAN PANJI,TM10,A3CS,0,0,-7.46011,112.73613
UP3 Sidoarjo,ULP Sidoarjo Kota,JTM,SIWALANPANJI_349,SIWALAN PANJI,GTT2,A3CS,0,0,-7.444497,112.753665
UP3 Sidoarjo,ULP Sidoarjo Kota,JTM,SIWALANPANJI_651,SIWALAN PANJI,TM1,A3CS,0,0,-7.457782002,112.740837
UP3 Sidoarjo,ULP Sidoarjo Kota,JTM,SIWALANPANJI_554,SIWALAN PANJI,TM1,A3CS,0,0,-7.44662,112.73381
UP3 Sidoarjo,ULP Sidoarjo Kota,JTM,SIWALANPANJI_555,SIWALAN PANJI,TM5,A3CS,0,0,-7.43502,112.73564
UP3 Sidoarjo,ULP Sidoarjo Kota,JTM,SIWALANPANJI_356,SIWALAN PANJI,TM1,A3CS,0,0,-7.444033,112.752752
UP3 Sidoarjo,ULP Sidoarjo Kota,JTM,SIWALANPANJI_469,SIWALAN PANJI,GTT2,A3CS,0,0,-7.44121,112.73493
UP3 Sidoarjo,ULP Sidoarjo Kota,JTM,SIWALANPANJI_335,SIWALAN PANJI,TM1,A3CS,0,0,-7.444582,112.751506
UP3 Sidoarjo,ULP Sidoarjo Kota,JTM,SIWALANPANJI_333,SIWALAN PANJI,TM11,A3CS,0,0,-7.444282,112.750416
UP3 Sidoarjo,ULP Sidoarjo Kota,JTM,SIWALANPANJI_663,SIWALAN PANJI,TM1,A3CS,0,0,-7.457773034,112.743259
UP3 Sidoarjo,ULP Sidoarjo Kota,JTM,SIWALANPANJI_371,SIWALAN PANJI,GTT2,A3CS,0,0,-7.444653,112.756404
UP3 Sidoarjo,ULP Sidoarjo Kota,JTM,SIWALANPANJI_512,SIWALAN PANJI,TM1,A3CS,0,0,-7.44765,112.73954
UP3 Sidoarjo,ULP Sidoarjo Kota,JTM,SIWALANPANJI_705,SIWALAN PANJI,TM1,A3CS,0,0,-7.446356965,112.750912
UP3 Sidoarjo,ULP Sidoarjo Kota,JTM,SIWALANPANJI_288,SIWALAN PANJI,PMS,A3CS,0,0,-7.44641,112.73343
UP3 Sidoarjo,ULP Sidoarjo Kota,JTM,SIWALANPANJI_278,SIWALAN PANJI,TMMVTIC,A3CS,0,0,-7.43241,112.73419
UP3 Sidoarjo,ULP Sidoarjo Kota,JTM,SIWALANPANJI_363,SIWALAN PANJI,TM1,A3CS,0,0,-7.443822,112.754406
UP3 Sidoarjo,ULP Sidoarjo Kota,JTM,SIWALANPANJI_722,SIWALAN PANJI,TM1,A3CS,0,0,-7.445864026,112.752098
UP3 Sidoarjo,ULP Sidoarjo Kota,JTM,SIWALANPANJI_566,SIWALAN PANJI,TM5,A3CS,0,0,-7.4392,112.7351
UP3 Sidoarjo,ULP Sidoarjo Kota,JTM,SIWALANPANJI_314,SIWALAN PANJI,TM1,A3CS,0,0,-7.4471276,112.75273
UP3 Sidoarjo,ULP Sidoarjo Kota,JTM,SIWALANPANJI_338,SIWALAN PANJI,GTT2,A3CS,0,0,-7.445983,112.754576
UP3 Sidoarjo,ULP Sidoarjo Kota,JTM,SIWALANPANJI_687,SIWALAN PANJI,GTT2,A3CS,0,0,-7.458842983,112.742053
UP3 Sidoarjo,ULP Sidoarjo Kota,JTM,SIWALANPANJI_276,SIWALAN PANJI,TM1,A3CS,0,0,-7.45931,112.7427
UP3 Sidoarjo,ULP Sidoarjo Kota,JTM,SIWALANPANJI_96,SIWALAN PANJI,GTT2,A3CS,0,0,-7.43145,112.73596
UP3 Sidoarjo,ULP Sidoarjo Kota,JTM,SIWALANPANJI_656,SIWALAN PANJI,TM1,A3CS,0,0,-7.458583983,112.740986
UP3 Sidoarjo,ULP Sidoarjo Kota,JTM,SIWALANPANJI_570,SIWALAN PANJI,TM1,A3CS,0,0,-7.44081,112.73517
UP3 Sidoarjo,ULP Sidoarjo Kota,JTM,SIWALANPANJI_585,SIWALAN PANJI,TM1,A3CS,0,0,-7.44685,112.73671
UP3 Sidoarjo,ULP Sidoarjo Kota,JTM,SIWALANPANJI_88,SIWALAN PANJI,TM1,A3CS,0,0,-7.42602,112.73787
UP3 Sidoarjo,ULP Sidoarjo Kota,JTM,SIWALANPANJI_575,SIWALAN PANJI,TM8,A3CS,0,0,-7.44282,112.73563
UP3 Sidoarjo,ULP Sidoarjo Kota,JTM,SIWALANPANJI_91,SIWALAN PANJI,PMS,A3CS,0,0,-7.42443,112.73817
UP3 Sidoarjo,ULP Sidoarjo Kota,JTM,SIWALANPANJI_52,SIWALAN PANJI,TM1,A3CS,0,0,-7.4334,112.73621
UP3 Sidoarjo,ULP Sidoarjo Kota,JTM,SIWALANPANJI_507,SIWALAN PANJI,TM1,A3CS,0,0,-7.4479,112.7379
UP3 Sidoarjo,ULP Sidoarjo Kota,JTM,SIWALANPANJI_559,SIWALAN PANJI,TM1,A3CS,0,0,-7.4367,112.7352
UP3 Sidoarjo,ULP Sidoarjo Kota,JTM,SIWALANPANJI_272,SIWALAN PANJI,PMS,A3CS,0,0,-7.42127,112.73866
UP3 Sidoarjo,ULP Sidoarjo Kota,JTM,SIWALANPANJI_372,SIWALAN PANJI,GTT2,A3CS,0,0,-7.444877,112.736153
UP3 Sidoarjo,ULP Sidoarjo Kota,JTM,SIWALANPANJI_19,SIWALAN PANJI,TM1,A3CS,0,0,-7.43446,112.73668
UP3 Sidoarjo,ULP Sidoarjo Kota,JTM,SIWALANPANJI_161,SIWALAN PANJI,PMS,A3CS,0,0,-7.42384,112.73833
UP3 Sidoarjo,ULP Sidoarjo Kota,JTM,SIWALANPANJI_366,SIWALAN PANJI,TM1,A3CS,0,0,-7.443946,112.754656
UP3 Sidoarjo,ULP Sidoarjo Kota,JTM,SIWALANPANJI_642,SIWALAN PANJI,GTT2,A3CS,0,0,-7.456221962,112.739832
UP3 Sidoarjo,ULP Sidoarjo Kota,JTM,SIWALANPANJI_738,SIWALAN PANJI,TM8,A3CS,0,0,-7.45683,112.73686
UP3 Sidoarjo,ULP Sidoarjo Kota,JTM,SIWALANPANJI_312,SIWALAN PANJI,GTT2,A3CS,0,0,-7.446976,112.75236
UP3 Sidoarjo,ULP Sidoarjo Kota,JTM,SIWALANPANJI_209,SIWALAN PANJI,TM10,A3CS,0,0,-7.41929,112.74068
UP3 Sidoarjo,ULP Sidoarjo Kota,JTM,SIWALANPANJI_529,SIWALAN PANJI,TM1,A3CS,0,0,-7.45774,112.73877
UP3 Sidoarjo,ULP Sidoarjo Kota,JTM,SIWALANPANJI_364,SIWALAN PANJI,TM1,A3CS,0,0,-7.444148,112.755142
UP3 Sidoarjo,ULP Sidoarjo Kota,JTM,SIWALANPANJI_683,SIWALAN PANJI,TM1,A3CS,0,0,-7.454984039,112.747215
UP3 Sidoarjo,ULP Sidoarjo Kota,JTM,SIWALANPANJI_552,SIWALAN PANJI,TM10,A3CS,0,0,-7.44691,112.7345
UP3 Sidoarjo,ULP Sidoarjo Kota,JTM,SIWALANPANJI_519,SIWALAN PANJI,TM1,A3CS,0,0,-7.44705,112.74053
UP3 Sidoarjo,ULP Sidoarjo Kota,JTM,SIWALANPANJI_491,SIWALAN PANJI,TM5,A3CS,0,0,-7.44518,112.74327
UP3 Sidoarjo,ULP Sidoarjo Kota,JTM,SIWALANPANJI_11,SIWALAN PANJI,GTT2,A3CS,0,0,-7.43093,112.73416
UP3 Sidoarjo,ULP Sidoarjo Kota,JTM,SIWALANPANJI_465,SIWALAN PANJI,TM1,A3CS,0,0,-7.42679,112.7337
UP3 Sidoarjo,ULP Sidoarjo Kota,JTM,SIWALANPANJI_7,SIWALAN PANJI,TM1,A3CS,0,0,-7.42892,112.73474
UP3 Sidoarjo,ULP Sidoarjo Kota,JTM,SIWALANPANJI_737,SIWALAN PANJI,TM8,A3CS,0,0,-7.45603,112.7371
UP3 Sidoarjo,ULP Sidoarjo Kota,JTM,SIWALANPANJI_636,SIWALAN PANJI,TM1,A3CS,0,0,-7.455726005,112.739068
UP3 Sidoarjo,ULP Sidoarjo Kota,JTM,SIWALANPANJI_5,SIWALAN PANJI,TM1,A3CS,0,0,-7.42826,112.73487
UP3 Sidoarjo,ULP Sidoarjo Kota,JTM,SIWALANPANJI_331,SIWALAN PANJI,TM1,A3CS,0,0,-7.444528,112.751141
UP3 Sidoarjo,ULP Sidoarjo Kota,JTM,SIWALANPANJI_662,SIWALAN PANJI,TM1,A3CS,0,0,-7.458052989,112.743021
UP3 Sidoarjo,ULP Sidoarjo Kota,JTM,SIWALANPANJI_583,SIWALAN PANJI,TM1,A3CS,0,0,-7.4462,112.7365
UP3 Sidoarjo,ULP Sidoarjo Kota,JTM,SIWALANPANJI_159,SIWALAN PANJI,TM1,A3CS,0,0,-7.42248,112.73855
UP3 Sidoarjo,ULP Sidoarjo Kota,JTM,SIWALANPANJI_590,SIWALAN PANJI,TM1,A3CS,0,0,-7.44882,112.73764
UP3 Sidoarjo,ULP Sidoarjo Kota,JTM,SIWALANPANJI_701,SIWALAN PANJI,TM1,A3CS,0,0,-7.445706027,112.749322
UP3 Sidoarjo,ULP Sidoarjo Kota,JTM,SIWALANPANJI_700,SIWALAN PANJI,GTT2,A3CS,0,0,-7.460028017,112.74097
UP3 Sidoarjo,ULP Sidoarjo Kota,JTM,SIWALANPANJI_84,SIWALAN PANJI,TM1,A3CS,0,0,-7.42762,112.73755
UP3 Sidoarjo,ULP Sidoarjo Kota,JTM,SIWALANPANJI_68,SIWALAN PANJI,TM2,A3CS,0,0,-7.43149,112.73984
UP3 Sidoarjo,ULP Sidoarjo Kota,JTM,SIWALANPANJI_698,SIWALAN PANJI,TM1,A3CS,0,0,-7.460030029,112.741102
UP3 Sidoarjo,ULP Sidoarjo Kota,JTM,SIWALANPANJI_610,SIWALAN PANJI,TM1,A3CS,0,0,-7.45903,112.73644
UP3 Sidoarjo,ULP Sidoarjo Kota,JTM,SIWALANPANJI_535,SIWALAN PANJI,TM8,A3CS,0,0,-7.45729,112.74017
UP3 Sidoarjo,ULP Sidoarjo Kota,JTM,SIWALANPANJI_58,SIWALAN PANJI,TM1,A3CS,0,0,-7.43125,112.73686
UP3 Sidoarjo,ULP Sidoarjo Kota,JTM,SIWALANPANJI_736,SIWALAN PANJI,TM5,A3CS,0,0,-7.45191,112.73845
UP3 Sidoarjo,ULP Sidoarjo Kota,JTM,SIWALANPANJI_735,SIWALAN PANJI,GTT1,A3CS,0,0,-7.45103,112.73854
UP3 Sidoarjo,ULP Sidoarjo Kota,JTM,SIWALANPANJI_14,SIWALAN PANJI,TM11,A3CS,0,0,-7.43203,112.73409
UP3 Sidoarjo,ULP Sidoarjo Kota,JTM,SIWALANPANJI_526,SIWALAN PANJI,GTT2,A3CS,0,0,-7.45907,112.73856
UP3 Sidoarjo,ULP Sidoarjo Kota,JTM,SIWALANPANJI_466,SIWALAN PANJI,TM2,A3CS,0,0,-7.42713,112.734
UP3 Sidoarjo,ULP Sidoarjo Kota,JTM,SIWALANPANJI_290,SIWALAN PANJI,TM8,A3CS,0,0,-7.46013,112.74256
UP3 Sidoarjo,ULP Sidoarjo Kota,JTM,SIWALANPANJI_470,SIWALAN PANJI,TM8,A3CS,0,0,-7.44145,112.73538
UP3 Sidoarjo,ULP Sidoarjo Kota,JTM,SIWALANPANJI_721,SIWALAN PANJI,TM1,A3CS,0,0,-7.446009032,112.752439
UP3 Sidoarjo,ULP Sidoarjo Kota,JTM,SIWALANPANJI_460,SIWALAN PANJI,TM5,A3CS,0,0,-7.42612,112.73229
UP3 Sidoarjo,ULP Sidoarjo Kota,JTM,SIWALANPANJI_61,SIWALAN PANJI,TM1,A3CS,0,0,-7.43083,112.73733
UP3 Sidoarjo,ULP Sidoarjo Kota,JTM,SIWALANPANJI_571,SIWALAN PANJI,TM8,A3CS,0,0,-7.44128,112.73528
UP3 Sidoarjo,ULP Sidoarjo Kota,JTM,SIWALANPANJI_580,SIWALAN PANJI,TM1,A3CS,0,0,-7.445,112.73613
UP3 Sidoarjo,ULP Sidoarjo Kota,JTM,SIWALANPANJI_50,SIWALAN PANJI,TM1,A3CS,0,0,-7.43772,112.73514
UP3 Sidoarjo,ULP Sidoarjo Kota,JTM,SIWALANPANJI_689,SIWALAN PANJI,TM11,A3CS,0,0,-7.458920013,112.742561
UP3 Sidoarjo,ULP Sidoarjo Kota,JTM,SIWALANPANJI_435,SIWALAN PANJI,TM1,A3CS,0,0,-7.447399428,112.737327
UP3 Sidoarjo,ULP Sidoarjo Kota,JTM,SIWALANPANJI_83,SIWALAN PANJI,TM1,A3CS,0,0,-7.42813,112.73744
UP3 Sidoarjo,ULP Sidoarjo Kota,JTM,SIWALANPANJI_353,SIWALAN PANJI,TM4,A3CS,0,0,-7.443074,112.75223
UP3 Sidoarjo,ULP Sidoarjo Kota,JTM,SIWALANPANJI_269,SIWALAN PANJI,TM8,A3CS,0,0,-7.42221,112.73854
UP3 Sidoarjo,ULP Sidoarjo Kota,JTM,SIWALANPANJI_536,SIWALAN PANJI,TM11,A3CS,0,0,-7.4575,112.7408
UP3 Sidoarjo,ULP Sidoarjo Kota,JTM,SIWALANPANJI_474,SIWALAN PANJI,TM2,A3CS,0,0,-7.4433,112.73657
UP3 Sidoarjo,ULP Sidoarjo Kota,JTM,SIWALANPANJI_180,SIWALAN PANJI,TM8,A3CS,0,0,-7.42076,112.74006
UP3 Sidoarjo,ULP Sidoarjo Kota,JTM,SIWALANPANJI_354,SIWALAN PANJI,TM8,A3CS,0,0,-7.443848,112.752421
UP3 Sidoarjo,ULP Sidoarjo Kota,JTM,SIWALANPANJI_495,SIWALAN PANJI,TM1,A3CS,0,0,-7.44499,112.74508
UP3 Sidoarjo,ULP Sidoarjo Kota,JTM,SIWALANPANJI_55,SIWALAN PANJI,PMS,A3CS,0,0,-7.43213,112.73668
UP3 Sidoarjo,ULP Sidoarjo Kota,JTM,SIWALANPANJI_579,SIWALAN PANJI,TM1,A3CS,0,0,-7.44454,112.73606
UP3 Sidoarjo,ULP Sidoarjo Kota,JTM,SIWALANPANJI_195,SIWALAN PANJI,GTT2,A3CS,0,0,-7.42165,112.74077
UP3 Sidoarjo,ULP Sidoarjo Kota,JTM,SIWALANPANJI_668,SIWALAN PANJI,TM1,A3CS,0,0,-7.457540017,112.745262
UP3 Sidoarjo,ULP Sidoarjo Kota,JTM,SIWALANPANJI_266,SIWALAN PANJI,TM10,A3CS,0,0,-7.43408,112.73566
UP3 Sidoarjo,ULP Sidoarjo Kota,JTM,SIWALANPANJI_374,SIWALAN PANJI,TM11,A3CS,0,0,-7.423397729,112.7209544
UP3 Sidoarjo,ULP Sidoarjo Kota,JTM,SIWALANPANJI_223,SIWALAN PANJI,TM10,A3CS,0,0,-7.41762,112.74163
UP3 Sidoarjo,ULP Sidoarjo Kota,JTM,SIWALANPANJI_24,SIWALAN PANJI,TM8,A3CS,0,0,-7.43536,112.7378
UP3 Sidoarjo,ULP Sidoarjo Kota,JTM,SIWALANPANJI_72,SIWALAN PANJI,GTT2,A3CS,0,0,-7.43235,112.74095
UP3 Sidoarjo,ULP Sidoarjo Kota,JTM,SIWALANPANJI_228,SIWALAN PANJI,TM4,A3CS,0,0,-7.41729,112.74245
UP3 Sidoarjo,ULP Sidoarjo Kota,JTM,SIWALANPANJI_399,SIWALAN PANJI,TM1,A3CS,0,0,-7.437833632,112.7393392
UP3 Sidoarjo,ULP Sidoarjo Kota,JTM,SIWALANPANJI_294,SIWALAN PANJI,TM11,A3CS,0,0,-7.45758,112.7446
UP3 Sidoarjo,ULP Sidoarjo Kota,JTM,SIWALANPANJI_184,SIWALAN PANJI,TM8,A3CS,0,0,-7.4215,112.73993
UP3 Sidoarjo,ULP Sidoarjo Kota,JTM,SIWALANPANJI_274,SIWALAN PANJI,TM5,A3CS,0,0,-7.45876,112.74277
UP3 Sidoarjo,ULP Sidoarjo Kota,JTM,SIWALANPANJI_641,SIWALAN PANJI,TM10,A3CS,0,0,-7.456207965,112.739692
UP3 Sidoarjo,ULP Sidoarjo Kota,JTM,SIWALANPANJI_39,SIWALAN PANJI,TM8,A3CS,0,0,-7.43716,112.74005
UP3 Sidoarjo,ULP Sidoarjo Kota,JTM,SIWALANPANJI_397,SIWALAN PANJI,GTT2,A3CS,0,0,-7.437512903,112.7385765
UP3 Sidoarjo,ULP Sidoarjo Kota,JTM,SIWALANPANJI_218,SIWALAN PANJI,TM8,A3CS,0,0,-7.41904,112.74109
UP3 Sidoarjo,ULP Sidoarjo Kota,JTM,SIWALANPANJI_403,SIWALAN PANJI,GTT2,A3CS,0,0,-7.438113926,112.7400654
UP3 Sidoarjo,ULP Sidoarjo Kota,JTM,SIWALANPANJI_190,SIWALAN PANJI,GTT2,A3CS,0,0,-7.42259,112.7397
UP3 Sidoarjo,ULP Sidoarjo Kota,JTM,SIWALANPANJI_410,SIWALAN PANJI,TM1,A3CS,0,0,-7.438540798,112.7411866
UP3 Sidoarjo,ULP Sidoarjo Kota,JTM,SIWALANPANJI_304,SIWALAN PANJI,TM10,A3CS,0,0,-7.45473,112.74558
UP3 Sidoarjo,ULP Sidoarjo Kota,JTM,SIWALANPANJI_40,SIWALAN PANJI,GTT2,A3CS,0,0,-7.43733,112.74012
UP3 Sidoarjo,ULP Sidoarjo Kota,JTM,SIWALANPANJI_203,SIWALAN PANJI,GTT2,A3CS,0,0,-7.42059,112.74021
UP3 Sidoarjo,ULP Sidoarjo Kota,JTM,SIWALANPANJI_426,SIWALAN PANJI,TM1,A3CS,0,0,-7.442904,112.752014
UP3 Sidoarjo,ULP Sidoarjo Kota,JTM,SIWALANPANJI_196,SIWALAN PANJI,TM1,A3CS,0,0,-7.42205,112.74071
UP3 Sidoarjo,ULP Sidoarjo Kota,JTM,SIWALANPANJI_263,SIWALAN PANJI,TM1,A3CS,0,0,-7.43346,112.735
UP3 Sidoarjo,ULP Sidoarjo Kota,JTM,SIWALANPANJI_265,SIWALAN PANJI,TM2,A3CS,0,0,-7.43371,112.73564
UP3 Sidoarjo,ULP Sidoarjo Kota,JTM,SIWALANPANJI_383,SIWALAN PANJI,TM8,A3CS,0,0,-7.437040792,112.739657
UP3 Sidoarjo,ULP Sidoarjo Kota,JTM,SIWALANPANJI_390,SIWALAN PANJI,TM1,A3CS,0,0,-7.437446882,112.7406862
UP3 Sidoarjo,ULP Sidoarjo Kota,JTM,SIWALANPANJI_29,SIWALAN PANJI,TM8,A3CS,0,0,-7.43609,112.73748
UP3 Sidoarjo,ULP Sidoarjo Kota,JTM,SIWALANPANJI_537,SIWALAN PANJI,TM1,A3CS,0,0,-7.45799,112.74071
UP3 Sidoarjo,ULP Sidoarjo Kota,JTM,SIWALANPANJI_667,SIWALAN PANJI,TM1,A3CS,0,0,-7.457463993,112.744836
UP3 Sidoarjo,ULP Sidoarjo Kota,JTM,SIWALANPANJI_386,SIWALAN PANJI,GTT2,A3CS,0,0,-7.437232263,112.7400189
UP3 Sidoarjo,ULP Sidoarjo Kota,JTM,SIWALANPANJI_675,SIWALAN PANJI,TM11,A3CS,0,0,-7.455694992,112.746129
UP3 Sidoarjo,ULP Sidoarjo Kota,JTM,SIWALANPANJI_417,SIWALAN PANJI,TM2,A3CS,0,0,-7.446334,112.750152
UP3 Sidoarjo,ULP Sidoarjo Kota,JTM,SIWALANPANJI_431,SIWALAN PANJI,TM1,A3CS,0,0,-7.446568,112.753682
UP3 Sidoarjo,ULP Sidoarjo Kota,JTM,SIWALANPANJI_28,SIWALAN PANJI,TM1,A3CS,0,0,-7.4357,112.73761
UP3 Sidoarjo,ULP Sidoarjo Kota,JTM,SIWALANPANJI_221,SIWALAN PANJI,TM1,A3CS,0,0,-7.41846,112.74131
UP3 Sidoarjo,ULP Sidoarjo Kota,JTM,SIWALANPANJI_336,SIWALAN PANJI,TM1,A3CS,0,0,-7.444744,112.751896
UP3 Sidoarjo,ULP Sidoarjo Kota,JTM,SIWALANPANJI_291,SIWALAN PANJI,TM11,A3CS,0,0,-7.46028,112.74254
UP3 Sidoarjo,ULP Sidoarjo Kota,JTM,SIWALANPANJI_415,SIWALAN PANJI,GTT2T,A3CS,0,0,-7.446646,112.754162
UP3 Sidoarjo,ULP Sidoarjo Kota,JTM,SIWALANPANJI_405,SIWALAN PANJI,GTT2,A3CS,0,0,-7.438153821,112.7403095
UP3 Sidoarjo,ULP Sidoarjo Kota,JTM,SIWALANPANJI_682,SIWALAN PANJI,GTT2,A3CS,0,0,-7.454913966,112.747472
UP3 Sidoarjo,ULP Sidoarjo Kota,JTM,SIWALANPANJI_392,SIWALAN PANJI,TM1,A3CS,0,0,-7.437693354,112.741331
UP3 Sidoarjo,ULP Sidoarjo Kota,JTM,SIWALANPANJI_680,SIWALAN PANJI,TM1,A3CS,0,0,-7.455460969,112.747415
UP3 Sidoarjo,ULP Sidoarjo Kota,JTM,SIWALANPANJI_227,SIWALAN PANJI,GTT2,A3CS,0,0,-7.41726,112.74225
UP3 Sidoarjo,ULP Sidoarjo Kota,JTM,SIWALANPANJI_172,SIWALAN PANJI,TM1,A3CS,0,0,-7.42102,112.73912
UP3 Sidoarjo,ULP Sidoarjo Kota,JTM,SIWALANPANJI_381,SIWALAN PANJI,GTT2,A3CS,0,0,-7.436251515,112.7401032
UP3 Sidoarjo,ULP Sidoarjo Kota,JTM,SIWALANPANJI_23,SIWALAN PANJI,TM10,A3CS,0,0,-7.43512,112.73793
UP3 Sidoarjo,ULP Sidoarjo Kota,JTM,SIWALANPANJI_391,SIWALAN PANJI,GTT2,A3CS,0,0,-7.437545214,112.7409666
UP3 Sidoarjo,ULP Sidoarjo Kota,JTM,SIWALANPANJI_71,SIWALAN PANJI,TM5,A3CS,0,0,-7.43231,112.74089
UP3 Sidoarjo,ULP Sidoarjo Kota,JTM,SIWALANPANJI_409,SIWALAN PANJI,GTT2,A3CS,0,0,-7.438496914,112.741035
UP3 Sidoarjo,ULP Sidoarjo Kota,JTM,SIWALANPANJI_627,SIWALAN PANJI,TM8,A3CS,0,0,-7.45849,112.74061
UP3 Sidoarjo,ULP Sidoarjo Kota,JTM,SIWALANPANJI_201,SIWALAN PANJI,GTT2,A3CS,0,0,-7.42266,112.74059
UP3 Sidoarjo,ULP Sidoarjo Kota,JTM,SIWALANPANJI_428,SIWALAN PANJI,TM1,A3CS,0,0,-7.443003,112.752268
UP3 Sidoarjo,ULP Sidoarjo Kota,JTM,SIWALANPANJI_176,SIWALAN PANJI,TM1,A3CS,0,0,-7.41931,112.73966
UP3 Sidoarjo,ULP Sidoarjo Kota,JTM,SIWALANPANJI_189,SIWALAN PANJI,TM10,A3CS,0,0,-7.42238,112.73965
UP3 Sidoarjo,ULP Sidoarjo Kota,JTM,SIWALANPANJI_181,SIWALAN PANJI,TM8,A3CS,0,0,-7.42112,112.74001
UP3 Sidoarjo,ULP Sidoarjo Kota,JTM,SIWALANPANJI_394,SIWALAN PANJI,GTT2,A3CS,0,0,-7.43720406,112.7380057
UP3 Sidoarjo,ULP Sidoarjo Kota,JTM,SIWALANPANJI_299,SIWALAN PANJI,TM11,A3CS,0,0,-7.45572,112.74601
UP3 Sidoarjo,ULP Sidoarjo Kota,JTM,SIWALANPANJI_377,SIWALAN PANJI,TM1,A3CS,0,0,-7.435908196,112.7392734
UP3 Sidoarjo,ULP Sidoarjo Kota,JTM,SIWALANPANJI_310,SIWALAN PANJI,GTT2,A3CS,0,0,-7.45486,112.74711
UP3 Sidoarjo,ULP Sidoarjo Kota,JTM,SIWALANPANJI_679,SIWALAN PANJI,TM10,A3CS,0,0,-7.455876963,112.747339
UP3 Sidoarjo,ULP Sidoarjo Kota,JTM,SIWALANPANJI_671,SIWALAN PANJI,TM1,A3CS,0,0,-7.456907015,112.745838
UP3 Sidoarjo,ULP Sidoarjo Kota,JTM,SIWALANPANJI_202,SIWALAN PANJI,GTT2,A3CS,0,0,-7.42262,112.7406
UP3 Sidoarjo,ULP Sidoarjo Kota,JTM,SIWALANPANJI_421,SIWALAN PANJI,TM1,A3CS,0,0,-7.446626,112.751084
UP3 Sidoarjo,ULP Sidoarjo Kota,JTM,SIWALANPANJI_191,SIWALAN PANJI,TM1,A3CS,0,0,-7.42085,112.74051
UP3 Sidoarjo,ULP Sidoarjo Kota,JTM,SIWALANPANJI_170,SIWALAN PANJI,TM8,A3CS,0,0,-7.4205,112.7393
UP3 Sidoarjo,ULP Sidoarjo Kota,JTM,SIWALANPANJI_208,SIWALAN PANJI,GTT2,A3CS,0,0,-7.41931,112.74058
UP3 Sidoarjo,ULP Sidoarjo Kota,JTM,SIWALANPANJI_15,SIWALAN PANJI,TM10,A3CS,0,0,-7.43374,112.73568
UP3 Sidoarjo,ULP Sidoarjo Kota,JTM,SIWALANPANJI_205,SIWALAN PANJI,TM1,A3CS,0,0,-7.41994,112.74037
UP3 Sidoarjo,ULP Sidoarjo Kota,JTM,SIWALANPANJI_387,SIWALAN PANJI,TM1,A3CS,0,0,-7.437255948,112.7401915
UP3 Sidoarjo,ULP Sidoarjo Kota,JTM,SIWALANPANJI_20,SIWALAN PANJI,TM10,A3CS,0,0,-7.43456,112.73706
UP3 Sidoarjo,ULP Sidoarjo Kota,JTM,SIWALANPANJI_406,SIWALAN PANJI,GTT2,A3CS,0,0,-7.438199034,112.7403846
UP3 Sidoarjo,ULP Sidoarjo Kota,JTM,SIWALANPANJI_65,SIWALAN PANJI,TM2,A3CS,0,0,-7.43133,112.73889
UP3 Sidoarjo,ULP Sidoarjo Kota,JTM,SIWALANPANJI_324,SIWALAN PANJI,GTT2,A3CS,0,0,7.445128,112.752859
UP3 Sidoarjo,ULP Sidoarjo Kota,JTM,SIWALANPANJI_37,SIWALAN PANJI,GTT2,A3CS,0,0,-7.43685,112.73929
UP3 Sidoarjo,ULP Sidoarjo Kota,JTM,SIWALANPANJI_652,SIWALAN PANJI,TM1,A3CS,0,0,-7.458176035,112.740756
UP3 Sidoarjo,ULP Sidoarjo Kota,JTM,SIWALANPANJI_402,SIWALAN PANJI,TM1,A3CS,0,0,-7.438015519,112.7398334
UP3 Sidoarjo,ULP Sidoarjo Kota,JTM,SIWALANPANJI_66,SIWALAN PANJI,TM10,A3CS,0,0,-7.43122,112.73914
UP3 Sidoarjo,ULP Sidoarjo Kota,JTM,SIWALANPANJI_35,SIWALAN PANJI,GTT2,A3CS,0,0,-7.43663,112.73845
UP3 Sidoarjo,ULP Sidoarjo Kota,JTM,SIWALANPANJI_388,SIWALAN PANJI,GTT2,A3CS,0,0,-7.437337426,112.7404145
UP3 Sidoarjo,ULP Sidoarjo Kota,JTM,SIWALANPANJI_393,SIWALAN PANJI,GTT2,A3CS,0,0,-7.437753084,112.7414848
UP3 Sidoarjo,ULP Sidoarjo Kota,JTM,SIWALANPANJI_654,SIWALAN PANJI,TM1,A3CS,0,0,-7.4584,112.739803
UP3 Sidoarjo,ULP Sidoarjo Kota,JTM,SIWALANPANJI_517,SIWALAN PANJI,GTT2,A3CS,0,0,-7.44869,112.74003
UP3 Sidoarjo,ULP Sidoarjo Kota,JTM,SIWALANPANJI_179,SIWALAN PANJI,TM1,A3CS,0,0,-7.42065,112.73967
UP3 Sidoarjo,ULP Sidoarjo Kota,JTM,SIWALANPANJI_396,SIWALAN PANJI,GTT2,A3CS,0,0,-7.437432108,112.7383477
UP3 Sidoarjo,ULP Sidoarjo Kota,JTM,SIWALANPANJI_418,SIWALAN PANJI,TM10,A3CS,0,0,-7.446328,112.750301
UP3 Sidoarjo,ULP Sidoarjo Kota,JTM,SIWALANPANJI_185,SIWALAN PANJI,GTT2,A3CS,0,0,-7.42151,112.74001
UP3 Sidoarjo,ULP Sidoarjo Kota,JTM,SIWALANPANJI_192,SIWALAN PANJI,TM8,A3CS,0,0,-7.42096,112.74094
UP3 Sidoarjo,ULP Sidoarjo Kota,JTM,SIWALANPANJI_425,SIWALAN PANJI,TM1,A3CS,0,0,-7.44291,112.751824
UP3 Sidoarjo,ULP Sidoarjo Kota,JTM,SIWALANPANJI_186,SIWALAN PANJI,TM8,A3CS,0,0,-7.4218,112.73985
UP3 Sidoarjo,ULP Sidoarjo Kota,JTM,SIWALANPANJI_412,SIWALAN PANJI,GTT2T,A3CS,0,0,-7.442792,112.751768
UP3 Sidoarjo,ULP Sidoarjo Kota,JTM,SIWALANPANJI_300,SIWALAN PANJI,GTT2,A3CS,0,0,-7.45581,112.74697
UP3 Sidoarjo,ULP Sidoarjo Kota,JTM,SIWALANPANJI_175,SIWALAN PANJI,TM1,A3CS,0,0,-7.41968,112.73951
UP3 Sidoarjo,ULP Sidoarjo Kota,JTM,SIWALANPANJI_298,SIWALAN PANJI,TM4,A3CS,0,0,-7.4556,112.74543
UP3 Sidoarjo,ULP Sidoarjo Kota,JTM,SIWALANPANJI_18,SIWALAN PANJI,TM1,A3CS,0,0,-7.43441,112.7363
UP3 Sidoarjo,ULP Sidoarjo Kota,JTM,SIWALANPANJI_413,SIWALAN PANJI,GTT2T,A3CS,0,0,-7.442991,112.752042
UP3 Sidoarjo,ULP Sidoarjo Kota,JTM,SIWALANPANJI_206,SIWALAN PANJI,GTT2,A3CS,0,0,-7.41987,112.74042
UP3 Sidoarjo,ULP Sidoarjo Kota,JTM,SIWALANPANJI_273,SIWALAN PANJI,GTT2,A3CS,0,0,-7.45872,112.74281
UP3 Sidoarjo,ULP Sidoarjo Kota,JTM,SIWALANPANJI_337,SIWALAN PANJI,GTT2,A3CS,0,0,-7.445207,112.753045
UP3 Sidoarjo,ULP Sidoarjo Kota,JTM,SIWALANPANJI_173,SIWALAN PANJI,GTT2,A3CS,0,0,-7.42141,112.739
UP3 Sidoarjo,ULP Sidoarjo Kota,JTM,SIWALANPANJI_188,SIWALAN PANJI,TM1,A3CS,0,0,-7.42216,112.73974
UP3 Sidoarjo,ULP Sidoarjo Kota,JTM,SIWALANPANJI_432,SIWALAN PANJI,TM1,A3CS,0,0,-7.446567,112.753833
UP3 Sidoarjo,ULP Sidoarjo Kota,JTM,SIWALANPANJI_658,SIWALAN PANJI,TM1,A3CS,0,0,-7.45867501,112.7417
UP3 Sidoarjo,ULP Sidoarjo Kota,JTM,SIWALANPANJI_430,SIWALAN PANJI,TM1,A3CS,0,0,-7.443135,112.75257
UP3 Sidoarjo,ULP Sidoarjo Kota,JTM,SIWALANPANJI_64,SIWALAN PANJI,TM1,A3CS,0,0,-7.43134,112.73854
UP3 Sidoarjo,ULP Sidoarjo Kota,JTM,SIWALANPANJI_296,SIWALAN PANJI,GTT2,A3CS,0,0,-7.45564,112.74581
UP3 Sidoarjo,ULP Sidoarjo Kota,JTM,SIWALANPANJI_264,SIWALAN PANJI,TM1,A3CS,0,0,-7.43357,112.73529
UP3 Sidoarjo,ULP Sidoarjo Kota,JTM,SIWALANPANJI_684,SIWALAN PANJI,TM10,A3CS,0,0,-7.454955038,112.747045
UP3 Sidoarjo,ULP Sidoarjo Kota,JTM,SIWALANPANJI_32,SIWALAN PANJI,TM1,A3CS,0,0,-7.43649,112.73823
UP3 Sidoarjo,ULP Sidoarjo Kota,JTM,SIWALANPANJI_33,SIWALAN PANJI,TM8,A3CS,0,0,-7.43656,112.73851
UP3 Sidoarjo,ULP Sidoarjo Kota,JTM,SIWALANPANJI_42,SIWALAN PANJI,TM10,A3CS,0,0,-7.43655,112.7373
UP3 Sidoarjo,ULP Sidoarjo Kota,JTM,SIWALANPANJI_653,SIWALAN PANJI,TM10,A3CS,0,0,-7.458507037,112.740711
UP3 Sidoarjo,ULP Sidoarjo Kota,JTM,SIWALANPANJI_673,SIWALAN PANJI,TM1,A3CS,0,0,-7.456175024,112.745945
UP3 Sidoarjo,ULP Sidoarjo Kota,JTM,SIWALANPANJI_408,SIWALAN PANJI,TM1,A3CS,0,0,-7.438390528,112.7407936
UP3 Sidoarjo,ULP Sidoarjo Kota,JTM,SIWALANPANJI_305,SIWALAN PANJI,GTT2,A3CS,0,0,-7.45473,112.74554
UP3 Sidoarjo,ULP Sidoarjo Kota,JTM,SIWALANPANJI_433,SIWALAN PANJI,TM4,A3CS,0,0,-7.446697,112.754162
UP3 Sidoarjo,ULP Sidoarjo Kota,JTM,SIWALANPANJI_358,SIWALAN PANJI,GTT,A3CS,0,0,-7.444178,112.75317
UP3 Sidoarjo,ULP Sidoarjo Kota,JTM,SIWALANPANJI_303,SIWALAN PANJI,TM1,A3CS,0,0,-7.45475,112.74583
UP3 Sidoarjo,ULP Sidoarjo Kota,JTM,SIWALANPANJI_637,SIWALAN PANJI,GTT2,A3CS,0,0,-7.455763975,112.739059
UP3 Sidoarjo,ULP Sidoarjo Kota,JTM,SIWALANPANJI_414,SIWALAN PANJI,GTT2T,A3CS,0,0,-7.446704,112.753987
UP3 Sidoarjo,ULP Sidoarjo Kota,JTM,SIWALANPANJI_419,SIWALAN PANJI,TM1,A3CS,0,0,-7.446426,112.750568
UP3 Sidoarjo,ULP Sidoarjo Kota,JTM,SIWALANPANJI_174,SIWALAN PANJI,TM1,A3CS,0,0,-7.42007,112.73939
UP3 Sidoarjo,ULP Sidoarjo Kota,JTM,SIWALANPANJI_193,SIWALAN PANJI,GTT2,A3CS,0,0,-7.42101,112.74109
UP3 Sidoarjo,ULP Sidoarjo Kota,JTM,SIWALANPANJI_182,SIWALAN PANJI,GTT2,A3CS,0,0,-7.42124,112.74002
UP3 Sidoarjo,ULP Sidoarjo Kota,JTM,SIWALANPANJI_434,SIWALAN PANJI,TM4,A3CS,0,0,-7.446892,112.754162
UP3 Sidoarjo,ULP Sidoarjo Kota,JTM,SIWALANPANJI_169,SIWALAN PANJI,GTT2,A3CS,0,0,-7.42051,112.7391
UP3 Sidoarjo,ULP Sidoarjo Kota,JTM,SIWALANPANJI_41,SIWALAN PANJI,TM1,A3CS,0,0,-7.43627,112.7374
UP3 Sidoarjo,ULP Sidoarjo Kota,JTM,SIWALANPANJI_538,SIWALAN PANJI,GTT2,A3CS,0,0,-7.45845,112.74057
UP3 Sidoarjo,ULP Sidoarjo Kota,JTM,SIWALANPANJI_400,SIWALAN PANJI,GTT2,A3CS,0,0,-7.437857322,112.7395689
UP3 Sidoarjo,ULP Sidoarjo Kota,JTM,SIWALANPANJI_404,SIWALAN PANJI,TM8,A3CS,0,0,-7.438175098,112.7402183
UP3 Sidoarjo,ULP Sidoarjo Kota,JTM,SIWALANPANJI_420,SIWALAN PANJI,TM1,A3CS,0,0,-7.446546,112.750837
UP3 Sidoarjo,ULP Sidoarjo Kota,JTM,SIWALANPANJI_385,SIWALAN PANJI,GTT2,A3CS,0,0,-7.437146277,112.7397936
UP3 Sidoarjo,ULP Sidoarjo Kota,JTM,SIWALANPANJI_395,SIWALAN PANJI,GTT2,A3CS,0,0,-7.437174638,112.7378396
UP3 Sidoarjo,ULP Sidoarjo Kota,JTM,SIWALANPANJI_297,SIWALAN PANJI,TM8,A3CS,0,0,-7.45565,112.74572
UP3 Sidoarjo,ULP Sidoarjo Kota,JTM,SIWALANPANJI_220,SIWALAN PANJI,GTT1,A3CS,0,0,-7.41864,112.74124
UP3 Sidoarjo,ULP Sidoarjo Kota,JTM,SIWALANPANJI_429,SIWALAN PANJI,TM1,A3CS,0,0,-7.443166,112.752488
UP3 Sidoarjo,ULP Sidoarjo Kota,JTM,SIWALANPANJI_204,SIWALAN PANJI,TM1,A3CS,0,0,-7.42035,112.74023
UP3 Sidoarjo,ULP Sidoarjo Kota,JTM,SIWALANPANJI_693,SIWALAN PANJI,TM11,A3CS,0,0,-7.460205965,112.742079
UP3 Sidoarjo,ULP Sidoarjo Kota,JTM,SIWALANPANJI_307,SIWALAN PANJI,GTT2,A3CS,0,0,-7.45481,112.74673
UP3 Sidoarjo,ULP Sidoarjo Kota,JTM,SIWALANPANJI_685,SIWALAN PANJI,GTT2,A3CS,0,0,-7.454957971,112.746977
UP3 Sidoarjo,ULP Sidoarjo Kota,JTM,SIWALANPANJI_171,SIWALAN PANJI,TM1,A3CS,0,0,-7.42062,112.73926
UP3 Sidoarjo,ULP Sidoarjo Kota,JTM,SIWALANPANJI_49,SIWALAN PANJI,TM5,A3CS,0,0,-7.43736,112.73817
UP3 Sidoarjo,ULP Sidoarjo Kota,JTM,SIWALANPANJI_27,SIWALAN PANJI,GTT2,A3CS,0,0,-7.43566,112.73857
UP3 Sidoarjo,ULP Sidoarjo Kota,JTM,SIWALANPANJI_629,SIWALAN PANJI,GTT2,A3CS,0,0,-7.45838,112.74021
UP3 Sidoarjo,ULP Sidoarjo Kota,JTM,SIWALANPANJI_516,SIWALAN PANJI,GTT2,A3CS,0,0,-7.44873,112.74036
UP3 Sidoarjo,ULP Sidoarjo Kota,JTM,SIWALANPANJI_380,SIWALAN PANJI,TM10,A3CS,0,0,-7.436197543,112.7401363
UP3 Sidoarjo,ULP Sidoarjo Kota,JTM,SIWALANPANJI_633,SIWALAN PANJI,GTT2,A3CS,0,0,-7.45061,112.73813
UP3 Sidoarjo,ULP Sidoarjo Kota,JTM,SIWALANPANJI_384,SIWALAN PANJI,GTT2,A3CS,0,0,-7.437090468,112.7396584
UP3 Sidoarjo,ULP Sidoarjo Kota,JTM,SIWALANPANJI_36,SIWALAN PANJI,TM1,A3CS,0,0,-7.43669,112.73888
UP3 Sidoarjo,ULP Sidoarjo Kota,JTM,SIWALANPANJI_382,SIWALAN PANJI,GTT2,A3CS,0,0,-7.436887756,112.7391146
UP3 Sidoarjo,ULP Sidoarjo Kota,JTM,SIWALANPANJI_676,SIWALAN PANJI,TM1,A3CS,0,0,-7.455744026,112.746431
UP3 Sidoarjo,ULP Sidoarjo Kota,JTM,SIWALANPANJI_375,SIWALAN PANJI,TM11,A3CS,0,0,-7.422833144,112.7239938
UP3 Sidoarjo,ULP Sidoarjo Kota,JTM,SIWALANPANJI_520,SIWALAN PANJI,GTT2,A3CS,0,0,-7.44691,112.74055
UP3 Sidoarjo,ULP Sidoarjo Kota,JTM,SIWALANPANJI_302,SIWALAN PANJI,TM10,A3CS,0,0,-7.45479,112.74615
UP3 Sidoarjo,ULP Sidoarjo Kota,JTM,SIWALANPANJI_44,SIWALAN PANJI,GTT2,A3CS,0,0,-7.43684,112.73733
UP3 Sidoarjo,ULP Sidoarjo Kota,JTM,SIWALANPANJI_379,SIWALAN PANJI,TM5,A3CS,0,0,-7.436108806,112.7397667
UP3 Sidoarjo,ULP Sidoarjo Kota,JTM,SIWALANPANJI_678,SIWALAN PANJI,TM8,A3CS,0,0,-7.455844022,112.746955
UP3 Sidoarjo,ULP Sidoarjo Kota,JTM,SIWALANPANJI_672,SIWALAN PANJI,TM1,A3CS,0,0,-7.456525974,112.74589
UP3 Sidoarjo,ULP Sidoarjo Kota,JTM,SIWALANPANJI_219,SIWALAN PANJI,GTT2,A3CS,0,0,-7.41927,112.74115
UP3 Sidoarjo,ULP Sidoarjo Kota,JTM,SIWALANPANJI_401,SIWALAN PANJI,TM8,A3CS,0,0,-7.437964839,112.739716
UP3 Sidoarjo,ULP Sidoarjo Kota,JTM,SIWALANPANJI_194,SIWALAN PANJI,TM1,A3CS,0,0,-7.42123,112.7409
UP3 Sidoarjo,ULP Sidoarjo Kota,JTM,SIWALANPANJI_34,SIWALAN PANJI,GTT2,A3CS,0,0,-7.43672,112.7386
UP3 Sidoarjo,ULP Sidoarjo Kota,JTM,SIWALANPANJI_643,SIWALAN PANJI,TM10,A3CS,0,0,-7.456232021,112.739952
UP3 Sidoarjo,ULP Sidoarjo Kota,JTM,SIWALANPANJI_376,SIWALAN PANJI,TM1,A3CS,0,0,-7.435775779,112.7390023
UP3 Sidoarjo,ULP Sidoarjo Kota,JTM,SIWALANPANJI_67,SIWALAN PANJI,TM1,A3CS,0,0,-7.4313,112.73941
UP3 Sidoarjo,ULP Sidoarjo Kota,JTM,SIWALANPANJI_183,SIWALAN PANJI,GTT2,A3CS,0,0,-7.42139,112.73996
UP3 Sidoarjo,ULP Sidoarjo Kota,JTM,SIWALANPANJI_407,SIWALAN PANJI,TM1,A3CS,0,0,-7.438312069,112.7404785
UP3 Sidoarjo,ULP Sidoarjo Kota,JTM,SIWALANPANJI_398,SIWALAN PANJI,TM5,A3CS,0,0,-7.437680557,112.7389257
UP3 Sidoarjo,ULP Sidoarjo Kota,JTM,SIWALANPANJI_411,SIWALAN PANJI,TM4,A3CS,0,0,-7.43866846,112.7415943
UP3 Sidoarjo,ULP Sidoarjo Kota,JTM,SIWALANPANJI_207,SIWALAN PANJI,GTT1,A3CS,0,0,-7.41954,112.74049
UP3 Sidoarjo,ULP Sidoarjo Kota,JTM,SIWALANPANJI_187,SIWALAN PANJI,GTT2,A3CS,0,0,-7.42179,112.73989
UP3 Sidoarjo,ULP Sidoarjo Kota,JTM,SIWALANPANJI_686,SIWALAN PANJI,TM8,A3CS,0,0,-7.458829992,112.741999
UP3 Sidoarjo,ULP Sidoarjo Kota,JTM,SIWALANPANJI_46,SIWALAN PANJI,TM1,A3CS,0,0,-7.43717,112.73756
UP3 Sidoarjo,ULP Sidoarjo Kota,JTM,SIWALANPANJI_26,SIWALAN PANJI,TM1,A3CS,0,0,-7.43552,112.73819
UP3 Sidoarjo,ULP Sidoarjo Kota,JTM,SIWALANPANJI_699,SIWALAN PANJI,GTT2,A3CS,0,0,-7.460024999,112.741009
UP3 Sidoarjo,ULP Sidoarjo Kota,JTM,SIWALANPANJI_166,SIWALAN PANJI,GTT1,A3CS,0,0,-7.4216,112.73899
UP3 Sidoarjo,ULP Sidoarjo Kota,JTM,SIWALANPANJI_674,SIWALAN PANJI,TM11,A3CS,0,0,-7.455808986,112.746
UP3 Sidoarjo,ULP Sidoarjo Kota,JTM,SIWALANPANJI_200,SIWALAN PANJI,GTT2,A3CS,0,0,-7.4227,112.74058
UP3 Sidoarjo,ULP Sidoarjo Kota,JTM,SIWALANPANJI_681,SIWALAN PANJI,TM11,A3CS,0,0,-7.454985967,112.747457
UP3 Sidoarjo,ULP Sidoarjo Kota,JTM,SIWALANPANJI_279,SIWALAN PANJI,TMMVTIC,A3CS,0,0,-7.4327,112.73414
UP3 Sidoarjo,ULP Sidoarjo Kota,JTM,SIWALANPANJI_655,SIWALAN PANJI,GTT2,A3CS,0,0,-7.45837301,112.739776
UP3 Sidoarjo,ULP Sidoarjo Kota,JTM,SIWALANPANJI_197,SIWALAN PANJI,TM1,A3CS,0,0,-7.42243,112.74065
UP3 Sidoarjo,ULP Sidoarjo Kota,JTM,SIWALANPANJI_30,SIWALAN PANJI,TM4,A3CS,0,0,-7.43605,112.73735
UP3 Sidoarjo,ULP Sidoarjo Kota,JTM,SIWALANPANJI_423,SIWALAN PANJI,TM4,A3CS,0,0,-7.442683,112.751512
UP3 Sidoarjo,ULP Sidoarjo Kota,JTM,SIWALANPANJI_168,SIWALAN PANJI,TM1,A3CS,0,0,-7.42079,112.73905
UP3 Sidoarjo,ULP Sidoarjo Kota,JTM,SIWALANPANJI_416,SIWALAN PANJI,GTT2T,A3CS,0,0,-7.446254,112.750015
UP3 Sidoarjo,ULP Sidoarjo Kota,JTM,SIWALANPANJI_378,SIWALAN PANJI,TM1,A3CS,0,0,-7.435942142,112.7393845
UP3 Sidoarjo,ULP Sidoarjo Kota,JTM,SIWALANPANJI_422,SIWALAN PANJI,TM10,A3CS,0,0,-7.446678,112.751259
UP3 Sidoarjo,ULP Sidoarjo Kota,JTM,SIWALANPANJI_262,SIWALAN PANJI,TM1,A3CS,0,0,-7.43333,112.7347
UP3 Sidoarjo,ULP Sidoarjo Kota,JTM,SIWALANPANJI_167,SIWALAN PANJI,TM1,A3CS,0,0,-7.42116,112.73894
UP3 Sidoarjo,ULP Sidoarjo Kota,JTM,SIWALANPANJI_427,SIWALAN PANJI,TM1,A3CS,0,0,-7.442905,112.752014
UP3 Sidoarjo,ULP Sidoarjo Kota,JTM,SIWALANPANJI_424,SIWALAN PANJI,TM4,A3CS,0,0,-7.44282,112.751589
UP3 Sidoarjo,ULP Sidoarjo Kota,JTM,SIWALANPANJI_198,SIWALAN PANJI,TM8,A3CS,0,0,-7.42282,112.74053
UP3 Sidoarjo,ULP Sidoarjo Kota,JTM,SIWALANPANJI_389,SIWALAN PANJI,GTT2,A3CS,0,0,-7.437347533,112.7404248
UP3 Sidoarjo,ULP Sidoarjo Kota,JTM,SIWALANPANJI_199,SIWALAN PANJI,TM4,A3CS,0,0,-7.42307,112.74044
UP3 Sidoarjo,ULP Sidoarjo Kota,JTM,SIWALANPANJI_31,SIWALAN PANJI,GTT2,A3CS,0,0,-7.43629,112.73786
UP3 Sidoarjo,ULP Sidoarjo Kota,JTM,SIWALANPANJI_48,SIWALAN PANJI,GTT2,A3CS,0,0,-7.4373,112.73796
UP3 Sidoarjo,ULP Sidoarjo Kota,JTM,SIWALANPANJI_644,SIWALAN PANJI,GTT2,A3CS,0,0,-7.456269991,112.740114
UP3 Sidoarjo,ULP Sidoarjo Kota,JTM,SIWALANPANJI_47,SIWALAN PANJI,GTT2,A3CS,0,0,-7.43724,112.73779
UP3 Sidoarjo,ULP Sidoarjo Kota,JTM,SIWALANPANJI_677,SIWALAN PANJI,TM1,A3CS,0,0,-7.45578602,112.746701
UP3 Sidoarjo,ULP Sidoarjo Kota,JTM,SIWALANPANJI_645,SIWALAN PANJI,TM1,A3CS,0,0,-7.45646596,112.738944
UP3 Sidoarjo,ULP Sidoarjo Kota,JTM,SIWALANPANJI_177,SIWALAN PANJI,TM11,A3CS,0,0,-7.41894,112.73977
UP3 Sidoarjo,ULP Sidoarjo Kota,JTM,SIWALANPANJI_295,SIWALAN PANJI,GTT2,A3CS,0,0,-7.45766,112.7446
UP3 Sidoarjo,ULP Sidoarjo Kota,JTM,SIWALANPANJI_22,SIWALAN PANJI,GTT2,A3CS,0,0,-7.4349,112.73753
UP3 Sidoarjo,ULP Sidoarjo Kota,JTM,SIWALANPANJI_164,SIWALAN PANJI,GTT1,A3CS,0,0,-7.4218,112.73895
UP3 Sidoarjo,ULP Sidoarjo Kota,JTM,SIWALANPANJI_743,SIWALAN PANJI,TM10,A3CS,0,0,-7.455757,112.743046
UP3 Sidoarjo,ULP Sidoarjo Kota,JTM,SIWALANPANJI_744,SIWALAN PANJI,GTT2T,A3CS,0,0,-7.455273,112.74347
UP3 Sidoarjo,ULP Sidoarjo Kota,JTM,SIWALANPANJI_745,SIWALAN PANJI,TM1,A3CS,0,0,-7.455289,112.743664
UP3 Sidoarjo,ULP Sidoarjo Kota,JTM,SIWALANPANJI_746,SIWALAN PANJI,TM1,A3CS,0,0,-7.455347,112.743664
UP3 Sidoarjo,ULP Sidoarjo Kota,JTM,SIWALANPANJI_747,SIWALAN PANJI,TM8,A3CS,0,0,-7.455386,112.744031
UP3 Sidoarjo,ULP Sidoarjo Kota,JTM,SIWALANPANJI_748,SIWALAN PANJI,GTT2T,A3CS,0,0,-7.455355,112.744046
UP3 Sidoarjo,ULP Sidoarjo Kota,JTM,SIWALANPANJI_749,SIWALAN PANJI,TM1,A3CS,0,0,-7.455487,112.744192
UP3 Sidoarjo,ULP Sidoarjo Kota,JTM,SIWALANPANJI_750,SIWALAN PANJI,TM11,A3CS,0,0,-7.455452,112.744256
UP3 Sidoarjo,ULP Sidoarjo Kota,JTM,SIWALANPANJI_751,SIWALAN PANJI,TM11,A3CS,0,0,-7.455452,112.744369
